sourceCode,sourceName,sourceGrouping,sourceRegion,sourceLat,sourceLong,destCode,destName,destGrouping,destRegion,destLat,destLong,year,totalTons,cereals,roots,sugarCrops,pulses,nuts,oilCrops,vegetables,fruits,fibers,spices,fodderCrops,coffeeTea,tobaccoRubber,oilsFats,beverages,livestock,animalMeats,animalProducts,animalHides,nimalOther,pesticides,fertilizers,machinery
AU,Australia,country,East Asia and Pacific,-25.274398,133.775136,LS,Lesotho,country,Sub-Saharan Africa,-29.609988,28.233608,1986,0,0,0,0,0,0,0,0,0,0,0,0,0,0,0,0,0,0,0,0,0,0,0,0
HK,Hong Kong,country,East Asia and Pacific,22.396428,114.109497,LS,Lesotho,country,Sub-Saharan Africa,-29.609988,28.233608,1986,0,0,0,0,0,0,0,0,0,0,0,0,0,0,0,0,0,0,0,0,0,0,0,0
CR,Costa Rica,country,Latin America and the Caribbean,9.748917,-83.753428,LS,Lesotho,country,Sub-Saharan Africa,-29.609988,28.233608,1986,54,0,0,0,0,0,0,0,0,0,0,0,54,0,0,0,0,0,0,0,0,0,0,0
FR,France,country,Europe and Central Asia,46.227638,2.213749,LS,Lesotho,country,Sub-Saharan Africa,-29.609988,28.233608,1986,1,0,0,0,1,0,0,0,0,0,0,0,0,0,0,0,0,0,0,0,0,0,0,0
NL,Netherlands,country,Europe and Central Asia,52.132633,5.291266,LS,Lesotho,country,Sub-Saharan Africa,-29.609988,28.233608,1986,37,0,0,0,0,0,0,0,0,0,0,0,0,0,37,0,0,0,0,0,0,0,0,0
SE,Sweden,country,Europe and Central Asia,60.128161,18.643501,LS,Lesotho,country,Sub-Saharan Africa,-29.609988,28.233608,1986,15,0,0,0,0,0,0,0,0,0,0,0,0,0,0,0,0,0,15,0,0,0,0,0
GB,United Kingdom,country,Europe and Central Asia,55.378051,-3.435973,LS,Lesotho,country,Sub-Saharan Africa,-29.609988,28.233608,1986,15,0,0,0,0,0,0,0,0,0,0,0,0,0,0,0,0,0,15,0,0,0,0,0
US,USA,country,North America,37.09024,-95.712891,LS,Lesotho,country,Sub-Saharan Africa,-29.609988,28.233608,1986,14755,11211,0,0,135,0,0,0,0,0,0,0,0,0,745,0,0,0,2664,0,0,0,0,0
ZW,Zimbabwe,country,Sub-Saharan Africa,-19.015438,29.154857,LS,Lesotho,country,Sub-Saharan Africa,-29.609988,28.233608,1986,1003,1000,0,0,0,0,0,0,0,0,0,0,3,0,0,0,0,0,0,0,0,0,0,0
AU,Australia,country,East Asia and Pacific,-25.274398,133.775136,LS,Lesotho,country,Sub-Saharan Africa,-29.609988,28.233608,1987,1086,0,0,0,1086,0,0,0,0,0,0,0,0,0,0,0,0,0,0,0,0,0,0,0
AT,Austria,country,Europe and Central Asia,47.516231,14.550072,LS,Lesotho,country,Sub-Saharan Africa,-29.609988,28.233608,1987,9,0,0,0,0,0,0,0,0,0,0,0,0,0,0,0,0,9,0,0,0,0,0,0
CL,Chile,country,Latin America and the Caribbean,-35.675147,-71.542969,LS,Lesotho,country,Sub-Saharan Africa,-29.609988,28.233608,1987,1,0,0,0,0,0,0,0,0,0,0,0,0,1,0,0,0,0,0,0,0,0,0,0
CR,Costa Rica,country,Latin America and the Caribbean,9.748917,-83.753428,LS,Lesotho,country,Sub-Saharan Africa,-29.609988,28.233608,1987,292,0,0,0,0,0,0,0,0,0,0,0,292,0,0,0,0,0,0,0,0,0,0,0
DK,Denmark,country,Europe and Central Asia,56.26392,9.501785,LS,Lesotho,country,Sub-Saharan Africa,-29.609988,28.233608,1987,300,0,0,0,300,0,0,0,0,0,0,0,0,0,0,0,0,0,0,0,0,0,0,0
FR,France,country,Europe and Central Asia,46.227638,2.213749,LS,Lesotho,country,Sub-Saharan Africa,-29.609988,28.233608,1987,7040,7000,0,0,0,0,0,0,0,0,0,0,0,0,0,0,0,40,0,0,0,0,0,0
HU,Hungary,country,Europe and Central Asia,47.162494,19.503304,LS,Lesotho,country,Sub-Saharan Africa,-29.609988,28.233608,1987,1,0,0,0,0,0,0,0,0,0,0,0,0,0,0,0,0,1,0,0,0,0,0,0
IT,Italy,country,Europe and Central Asia,41.87194,12.56738,LS,Lesotho,country,Sub-Saharan Africa,-29.609988,28.233608,1987,19,19,0,0,0,0,0,0,0,0,0,0,0,0,0,0,0,0,0,0,0,0,0,0
ES,Spain,country,Europe and Central Asia,40.463667,-3.74922,LS,Lesotho,country,Sub-Saharan Africa,-29.609988,28.233608,1987,40,40,0,0,0,0,0,0,0,0,0,0,0,0,0,0,0,0,0,0,0,0,0,0
SE,Sweden,country,Europe and Central Asia,60.128161,18.643501,LS,Lesotho,country,Sub-Saharan Africa,-29.609988,28.233608,1987,80,0,0,0,0,0,0,0,0,0,0,0,0,0,80,0,0,0,0,0,0,0,0,0
GB,United Kingdom,country,Europe and Central Asia,55.378051,-3.435973,LS,Lesotho,country,Sub-Saharan Africa,-29.609988,28.233608,1987,13,0,0,0,0,0,0,0,0,0,0,0,0,0,0,13,0,0,0,0,0,0,0,0
US,USA,country,North America,37.09024,-95.712891,LS,Lesotho,country,Sub-Saharan Africa,-29.609988,28.233608,1987,85425,81979,0,0,0,0,0,0,0,0,0,0,0,0,1692,0,0,0,1754,0,0,0,0,0
ZW,Zimbabwe,country,Sub-Saharan Africa,-19.015438,29.154857,LS,Lesotho,country,Sub-Saharan Africa,-29.609988,28.233608,1987,23190,23183,0,0,0,0,0,0,0,0,0,0,0,0,0,0,0,0,7,0,0,0,0,0
AR,Argentina,country,Latin America and the Caribbean,-38.416097,-63.616672,LS,Lesotho,country,Sub-Saharan Africa,-29.609988,28.233608,1988,47,0,0,0,0,0,0,0,0,0,0,0,0,0,0,0,0,47,0,0,0,0,0,0
CA,Canada,country,North America,56.130366,-106.346771,LS,Lesotho,country,Sub-Saharan Africa,-29.609988,28.233608,1988,0,0,0,0,0,0,0,0,0,0,0,0,0,0,0,0,0,0,0,0,0,0,0,0
HK,Hong Kong,country,East Asia and Pacific,22.396428,114.109497,LS,Lesotho,country,Sub-Saharan Africa,-29.609988,28.233608,1988,0,0,0,0,0,0,0,0,0,0,0,0,0,0,0,0,0,0,0,0,0,0,0,0
CR,Costa Rica,country,Latin America and the Caribbean,9.748917,-83.753428,LS,Lesotho,country,Sub-Saharan Africa,-29.609988,28.233608,1988,265,0,0,0,0,0,0,0,0,0,0,0,265,0,0,0,0,0,0,0,0,0,0,0
DK,Denmark,country,Europe and Central Asia,56.26392,9.501785,LS,Lesotho,country,Sub-Saharan Africa,-29.609988,28.233608,1988,8529,8512,0,0,17,0,0,0,0,0,0,0,0,0,0,0,0,0,0,0,0,0,0,0
FR,France,country,Europe and Central Asia,46.227638,2.213749,LS,Lesotho,country,Sub-Saharan Africa,-29.609988,28.233608,1988,10016,10000,0,0,0,0,0,0,0,0,0,0,0,0,0,0,0,16,0,0,0,0,0,0
IT,Italy,country,Europe and Central Asia,41.87194,12.56738,LS,Lesotho,country,Sub-Saharan Africa,-29.609988,28.233608,1988,67,43,0,0,0,0,0,0,23,0,0,0,0,0,0,0,0,0,1,0,0,0,0,0
MW,Malawi,country,Sub-Saharan Africa,-13.254308,34.301525,LS,Lesotho,country,Sub-Saharan Africa,-29.609988,28.233608,1988,500,0,0,500,0,0,0,0,0,0,0,0,0,0,0,0,0,0,0,0,0,0,0,0
SE,Sweden,country,Europe and Central Asia,60.128161,18.643501,LS,Lesotho,country,Sub-Saharan Africa,-29.609988,28.233608,1988,576,172,0,0,0,0,0,0,0,0,0,0,0,0,404,0,0,0,0,0,0,0,0,0
GB,United Kingdom,country,Europe and Central Asia,55.378051,-3.435973,LS,Lesotho,country,Sub-Saharan Africa,-29.609988,28.233608,1988,2,0,0,2,0,0,0,0,0,0,0,0,0,0,0,0,0,0,0,0,0,0,0,0
US,USA,country,North America,37.09024,-95.712891,LS,Lesotho,country,Sub-Saharan Africa,-29.609988,28.233608,1988,9669,7344,0,0,0,0,0,0,0,0,0,0,0,0,1058,0,0,0,1267,0,0,0,0,0
CA,Canada,country,North America,56.130366,-106.346771,LS,Lesotho,country,Sub-Saharan Africa,-29.609988,28.233608,1989,340,0,0,0,215,0,0,0,0,0,0,0,0,0,125,0,0,0,0,0,0,0,0,0
CR,Costa Rica,country,Latin America and the Caribbean,9.748917,-83.753428,LS,Lesotho,country,Sub-Saharan Africa,-29.609988,28.233608,1989,665,0,0,0,0,0,0,0,0,0,0,0,665,0,0,0,0,0,0,0,0,0,0,0
FI,Finland,country,Europe and Central Asia,61.92411,25.748151,LS,Lesotho,country,Sub-Saharan Africa,-29.609988,28.233608,1989,114,0,0,0,0,0,0,0,0,0,0,0,0,0,114,0,0,0,0,0,0,0,0,0
FR,France,country,Europe and Central Asia,46.227638,2.213749,LS,Lesotho,country,Sub-Saharan Africa,-29.609988,28.233608,1989,7000,7000,0,0,0,0,0,0,0,0,0,0,0,0,0,0,0,0,0,0,0,0,0,0
MW,Malawi,country,Sub-Saharan Africa,-13.254308,34.301525,LS,Lesotho,country,Sub-Saharan Africa,-29.609988,28.233608,1989,0,0,0,0,0,0,0,0,0,0,0,0,0,0,0,0,0,0,0,0,0,0,0,0
NL,Netherlands,country,Europe and Central Asia,52.132633,5.291266,LS,Lesotho,country,Sub-Saharan Africa,-29.609988,28.233608,1989,0,0,0,0,0,0,0,0,0,0,0,0,0,0,0,0,0,0,0,0,0,0,0,0
SE,Sweden,country,Europe and Central Asia,60.128161,18.643501,LS,Lesotho,country,Sub-Saharan Africa,-29.609988,28.233608,1989,523,0,0,0,0,0,0,0,0,0,0,0,0,0,523,0,0,0,0,0,0,0,0,0
GB,United Kingdom,country,Europe and Central Asia,55.378051,-3.435973,LS,Lesotho,country,Sub-Saharan Africa,-29.609988,28.233608,1989,20,0,0,0,20,0,0,0,0,0,0,0,0,0,0,0,0,0,0,0,0,0,0,0
US,USA,country,North America,37.09024,-95.712891,LS,Lesotho,country,Sub-Saharan Africa,-29.609988,28.233608,1989,12315,10788,0,0,995,0,0,0,0,0,0,0,0,0,532,0,0,0,0,0,0,0,0,0
BW,Botswana,country,Sub-Saharan Africa,-22.328474,24.684866,LS,Lesotho,country,Sub-Saharan Africa,-29.609988,28.233608,1990,120,0,0,0,0,0,0,0,0,0,0,0,0,0,0,120,0,0,0,0,0,0,0,0
CN,China,country,East Asia and Pacific,35.86166,104.195397,LS,Lesotho,country,Sub-Saharan Africa,-29.609988,28.233608,1990,2,0,0,0,0,0,0,0,0,0,0,0,0,2,0,0,0,0,0,0,0,0,0,0
DK,Denmark,country,Europe and Central Asia,56.26392,9.501785,LS,Lesotho,country,Sub-Saharan Africa,-29.609988,28.233608,1990,1320,0,0,0,1320,0,0,0,0,0,0,0,0,0,0,0,0,0,0,0,0,0,0,0
FR,France,country,Europe and Central Asia,46.227638,2.213749,LS,Lesotho,country,Sub-Saharan Africa,-29.609988,28.233608,1990,7000,7000,0,0,0,0,0,0,0,0,0,0,0,0,0,0,0,0,0,0,0,0,0,0
KE,Kenya,country,Sub-Saharan Africa,-0.023559,37.906193,LS,Lesotho,country,Sub-Saharan Africa,-29.609988,28.233608,1990,5,0,0,0,0,0,0,5,0,0,0,0,0,0,0,0,0,0,0,0,0,0,0,0
PK,Pakistan,country,South Asia,30.375321,69.345116,LS,Lesotho,country,Sub-Saharan Africa,-29.609988,28.233608,1990,189,172,0,0,0,0,0,0,17,0,0,0,0,0,0,0,0,0,0,0,0,0,0,0
ES,Spain,country,Europe and Central Asia,40.463667,-3.74922,LS,Lesotho,country,Sub-Saharan Africa,-29.609988,28.233608,1990,9997,9997,0,0,0,0,0,0,0,0,0,0,0,0,0,0,0,0,0,0,0,0,0,0
SE,Sweden,country,Europe and Central Asia,60.128161,18.643501,LS,Lesotho,country,Sub-Saharan Africa,-29.609988,28.233608,1990,454,0,0,0,0,0,0,0,0,0,0,0,0,0,454,0,0,0,0,0,0,0,0,0
US,USA,country,North America,37.09024,-95.712891,LS,Lesotho,country,Sub-Saharan Africa,-29.609988,28.233608,1990,6406,6393,0,0,0,0,0,0,0,0,0,0,0,13,0,0,0,0,0,0,0,0,0,0
ZW,Zimbabwe,country,Sub-Saharan Africa,-19.015438,29.154857,LS,Lesotho,country,Sub-Saharan Africa,-29.609988,28.233608,1990,13239,13239,0,0,0,0,0,0,0,0,0,0,0,0,0,0,0,0,0,0,0,0,0,0
BW,Botswana,country,Sub-Saharan Africa,-22.328474,24.684866,LS,Lesotho,country,Sub-Saharan Africa,-29.609988,28.233608,1991,16,0,0,0,0,0,0,0,0,0,0,0,0,16,0,0,0,0,0,0,0,0,0,0
CR,Costa Rica,country,Latin America and the Caribbean,9.748917,-83.753428,LS,Lesotho,country,Sub-Saharan Africa,-29.609988,28.233608,1991,417,0,0,0,0,0,0,0,0,0,0,0,417,0,0,0,0,0,0,0,0,0,0,0
DK,Denmark,country,Europe and Central Asia,56.26392,9.501785,LS,Lesotho,country,Sub-Saharan Africa,-29.609988,28.233608,1991,720,0,0,0,720,0,0,0,0,0,0,0,0,0,0,0,0,0,0,0,0,0,0,0
FR,France,country,Europe and Central Asia,46.227638,2.213749,LS,Lesotho,country,Sub-Saharan Africa,-29.609988,28.233608,1991,8000,8000,0,0,0,0,0,0,0,0,0,0,0,0,0,0,0,0,0,0,0,0,0,0
DE,Germany,country,Europe and Central Asia,51.165691,10.451526,LS,Lesotho,country,Sub-Saharan Africa,-29.609988,28.233608,1991,16,0,0,0,0,0,0,0,0,0,0,0,0,0,0,0,0,16,0,0,0,0,0,0
IT,Italy,country,Europe and Central Asia,41.87194,12.56738,LS,Lesotho,country,Sub-Saharan Africa,-29.609988,28.233608,1991,0,0,0,0,0,0,0,0,0,0,0,0,0,0,0,0,0,0,0,0,0,0,0,0
KE,Kenya,country,Sub-Saharan Africa,-0.023559,37.906193,LS,Lesotho,country,Sub-Saharan Africa,-29.609988,28.233608,1991,2,0,0,0,0,0,0,2,0,0,0,0,0,0,0,0,0,0,0,0,0,0,0,0
PK,Pakistan,country,South Asia,30.375321,69.345116,LS,Lesotho,country,Sub-Saharan Africa,-29.609988,28.233608,1991,218,75,0,0,109,0,15,0,19,0,0,0,0,0,0,0,0,0,0,0,0,0,0,0
SE,Sweden,country,Europe and Central Asia,60.128161,18.643501,LS,Lesotho,country,Sub-Saharan Africa,-29.609988,28.233608,1991,156,0,0,0,0,0,0,0,0,0,0,0,0,0,156,0,0,0,0,0,0,0,0,0
GB,United Kingdom,country,Europe and Central Asia,55.378051,-3.435973,LS,Lesotho,country,Sub-Saharan Africa,-29.609988,28.233608,1991,29,13,0,0,0,0,0,0,0,0,0,0,12,0,0,0,0,0,0,4,0,0,0,0
US,USA,country,North America,37.09024,-95.712891,LS,Lesotho,country,Sub-Saharan Africa,-29.609988,28.233608,1991,8600,8600,0,0,0,0,0,0,0,0,0,0,0,0,0,0,0,0,0,0,0,0,0,0
ZW,Zimbabwe,country,Sub-Saharan Africa,-19.015438,29.154857,LS,Lesotho,country,Sub-Saharan Africa,-29.609988,28.233608,1991,4457,4457,0,0,0,0,0,0,0,0,0,0,0,0,0,0,0,0,0,0,0,0,0,0
AR,Argentina,country,Latin America and the Caribbean,-38.416097,-63.616672,LS,Lesotho,country,Sub-Saharan Africa,-29.609988,28.233608,1992,2301,2301,0,0,0,0,0,0,0,0,0,0,0,0,0,0,0,0,0,0,0,0,0,0
BW,Botswana,country,Sub-Saharan Africa,-22.328474,24.684866,LS,Lesotho,country,Sub-Saharan Africa,-29.609988,28.233608,1992,28,0,0,0,0,0,0,0,0,0,0,0,0,7,0,0,0,21,0,0,0,0,0,0
CN,China,country,East Asia and Pacific,35.86166,104.195397,LS,Lesotho,country,Sub-Saharan Africa,-29.609988,28.233608,1992,1011,1011,0,0,0,0,0,0,0,0,0,0,0,0,0,0,0,0,0,0,0,0,0,0
CR,Costa Rica,country,Latin America and the Caribbean,9.748917,-83.753428,LS,Lesotho,country,Sub-Saharan Africa,-29.609988,28.233608,1992,527,0,0,0,0,0,0,0,0,0,0,0,527,0,0,0,0,0,0,0,0,0,0,0
DK,Denmark,country,Europe and Central Asia,56.26392,9.501785,LS,Lesotho,country,Sub-Saharan Africa,-29.609988,28.233608,1992,10880,10000,0,0,880,0,0,0,0,0,0,0,0,0,0,0,0,0,0,0,0,0,0,0
FI,Finland,country,Europe and Central Asia,61.92411,25.748151,LS,Lesotho,country,Sub-Saharan Africa,-29.609988,28.233608,1992,981,0,0,0,0,0,0,0,0,0,0,0,0,0,981,0,0,0,0,0,0,0,0,0
FR,France,country,Europe and Central Asia,46.227638,2.213749,LS,Lesotho,country,Sub-Saharan Africa,-29.609988,28.233608,1992,11300,11300,0,0,0,0,0,0,0,0,0,0,0,0,0,0,0,0,0,0,0,0,0,0
DE,Germany,country,Europe and Central Asia,51.165691,10.451526,LS,Lesotho,country,Sub-Saharan Africa,-29.609988,28.233608,1992,60,0,0,0,0,0,0,0,0,0,0,0,0,0,60,0,0,0,0,0,0,0,0,0
HU,Hungary,country,Europe and Central Asia,47.162494,19.503304,LS,Lesotho,country,Sub-Saharan Africa,-29.609988,28.233608,1992,999,0,0,0,999,0,0,0,0,0,0,0,0,0,0,0,0,0,0,0,0,0,0,0
IN,India,country,South Asia,20.593684,78.96288,LS,Lesotho,country,Sub-Saharan Africa,-29.609988,28.233608,1992,78,0,0,0,0,0,17,0,0,0,0,0,0,0,61,0,0,0,0,0,0,0,0,0
KE,Kenya,country,Sub-Saharan Africa,-0.023559,37.906193,LS,Lesotho,country,Sub-Saharan Africa,-29.609988,28.233608,1992,17,0,0,0,0,0,0,0,0,0,0,0,17,0,0,0,0,0,0,0,0,0,0,0
NL,Netherlands,country,Europe and Central Asia,52.132633,5.291266,LS,Lesotho,country,Sub-Saharan Africa,-29.609988,28.233608,1992,205,0,0,0,0,0,0,0,0,0,0,0,0,0,205,0,0,0,0,0,0,0,0,0
PK,Pakistan,country,South Asia,30.375321,69.345116,LS,Lesotho,country,Sub-Saharan Africa,-29.609988,28.233608,1992,249,58,0,0,0,0,16,0,175,0,0,0,0,0,0,0,0,0,0,0,0,0,0,0
GB,United Kingdom,country,Europe and Central Asia,55.378051,-3.435973,LS,Lesotho,country,Sub-Saharan Africa,-29.609988,28.233608,1992,8000,8000,0,0,0,0,0,0,0,0,0,0,0,0,0,0,0,0,0,0,0,0,0,0
US,USA,country,North America,37.09024,-95.712891,LS,Lesotho,country,Sub-Saharan Africa,-29.609988,28.233608,1992,11152,10339,0,0,0,0,37,0,0,0,0,0,0,0,776,0,0,0,0,0,0,0,0,0
ZW,Zimbabwe,country,Sub-Saharan Africa,-19.015438,29.154857,LS,Lesotho,country,Sub-Saharan Africa,-29.609988,28.233608,1992,327,327,0,0,0,0,0,0,0,0,0,0,0,0,0,0,0,0,0,0,0,0,0,0
AR,Argentina,country,Latin America and the Caribbean,-38.416097,-63.616672,LS,Lesotho,country,Sub-Saharan Africa,-29.609988,28.233608,1993,5064,0,0,64,0,0,0,0,0,0,0,5000,0,0,0,0,0,0,0,0,0,0,0,0
BW,Botswana,country,Sub-Saharan Africa,-22.328474,24.684866,LS,Lesotho,country,Sub-Saharan Africa,-29.609988,28.233608,1993,14,12,0,0,0,0,0,0,0,0,0,0,0,0,0,0,0,2,0,0,0,0,0,0
CA,Canada,country,North America,56.130366,-106.346771,LS,Lesotho,country,Sub-Saharan Africa,-29.609988,28.233608,1993,252,0,0,0,0,0,0,0,0,0,0,0,0,0,252,0,0,0,0,0,0,0,0,0
CR,Costa Rica,country,Latin America and the Caribbean,9.748917,-83.753428,LS,Lesotho,country,Sub-Saharan Africa,-29.609988,28.233608,1993,1055,0,0,0,0,0,0,0,0,0,0,0,1055,0,0,0,0,0,0,0,0,0,0,0
CZ,Czech Republic,country,Europe and Central Asia,49.817492,15.472962,LS,Lesotho,country,Sub-Saharan Africa,-29.609988,28.233608,1993,8,0,0,0,0,0,0,0,0,0,0,0,3,5,0,0,0,0,0,0,0,0,0,0
DK,Denmark,country,Europe and Central Asia,56.26392,9.501785,LS,Lesotho,country,Sub-Saharan Africa,-29.609988,28.233608,1993,520,0,0,0,520,0,0,0,0,0,0,0,0,0,0,0,0,0,0,0,0,0,0,0
FR,France,country,Europe and Central Asia,46.227638,2.213749,LS,Lesotho,country,Sub-Saharan Africa,-29.609988,28.233608,1993,18248,18248,0,0,0,0,0,0,0,0,0,0,0,0,0,0,0,0,0,0,0,0,0,0
DE,Germany,country,Europe and Central Asia,51.165691,10.451526,LS,Lesotho,country,Sub-Saharan Africa,-29.609988,28.233608,1993,195,0,0,0,0,0,0,0,0,0,0,0,0,0,195,0,0,0,0,0,0,0,0,0
IN,India,country,South Asia,20.593684,78.96288,LS,Lesotho,country,Sub-Saharan Africa,-29.609988,28.233608,1993,18,0,0,0,0,0,0,0,0,0,0,0,18,0,0,0,0,0,0,0,0,0,0,0
IT,Italy,country,Europe and Central Asia,41.87194,12.56738,LS,Lesotho,country,Sub-Saharan Africa,-29.609988,28.233608,1993,1790,1790,0,0,0,0,0,0,0,0,0,0,0,0,0,0,0,0,0,0,0,0,0,0
NL,Netherlands,country,Europe and Central Asia,52.132633,5.291266,LS,Lesotho,country,Sub-Saharan Africa,-29.609988,28.233608,1993,409,0,0,0,0,0,0,0,0,0,0,0,0,0,409,0,0,0,0,0,0,0,0,0
PK,Pakistan,country,South Asia,30.375321,69.345116,LS,Lesotho,country,Sub-Saharan Africa,-29.609988,28.233608,1993,207,92,0,0,0,0,0,0,115,0,0,0,0,0,0,0,0,0,0,0,0,0,0,0
GB,United Kingdom,country,Europe and Central Asia,55.378051,-3.435973,LS,Lesotho,country,Sub-Saharan Africa,-29.609988,28.233608,1993,0,0,0,0,0,0,0,0,0,0,0,0,0,0,0,0,0,0,0,0,0,0,0,0
US,USA,country,North America,37.09024,-95.712891,LS,Lesotho,country,Sub-Saharan Africa,-29.609988,28.233608,1993,15425,15167,0,0,0,0,0,0,0,0,0,0,0,0,258,0,0,0,0,0,0,0,0,0
ZW,Zimbabwe,country,Sub-Saharan Africa,-19.015438,29.154857,LS,Lesotho,country,Sub-Saharan Africa,-29.609988,28.233608,1993,329,289,0,0,0,0,0,0,0,0,0,40,0,0,0,0,0,0,0,0,0,0,0,0
AR,Argentina,country,Latin America and the Caribbean,-38.416097,-63.616672,LS,Lesotho,country,Sub-Saharan Africa,-29.609988,28.233608,1994,1955,1955,0,0,0,0,0,0,0,0,0,0,0,0,0,0,0,0,0,0,0,0,0,0
BW,Botswana,country,Sub-Saharan Africa,-22.328474,24.684866,LS,Lesotho,country,Sub-Saharan Africa,-29.609988,28.233608,1994,57,0,0,0,0,0,0,0,0,0,0,57,0,0,0,0,0,0,0,0,0,0,0,0
CN,China,country,East Asia and Pacific,35.86166,104.195397,LS,Lesotho,country,Sub-Saharan Africa,-29.609988,28.233608,1994,36,0,0,0,36,0,0,0,0,0,0,0,0,0,0,0,0,0,0,0,0,0,0,0
DK,Denmark,country,Europe and Central Asia,56.26392,9.501785,LS,Lesotho,country,Sub-Saharan Africa,-29.609988,28.233608,1994,11360,10000,0,0,1360,0,0,0,0,0,0,0,0,0,0,0,0,0,0,0,0,0,0,0
FR,France,country,Europe and Central Asia,46.227638,2.213749,LS,Lesotho,country,Sub-Saharan Africa,-29.609988,28.233608,1994,16500,16500,0,0,0,0,0,0,0,0,0,0,0,0,0,0,0,0,0,0,0,0,0,0
DE,Germany,country,Europe and Central Asia,51.165691,10.451526,LS,Lesotho,country,Sub-Saharan Africa,-29.609988,28.233608,1994,524,0,0,0,0,0,0,0,0,0,0,0,0,0,524,0,0,0,0,0,0,0,0,0
IT,Italy,country,Europe and Central Asia,41.87194,12.56738,LS,Lesotho,country,Sub-Saharan Africa,-29.609988,28.233608,1994,15,0,0,0,0,0,0,0,0,0,0,0,0,0,15,0,0,0,0,0,0,0,0,0
NL,Netherlands,country,Europe and Central Asia,52.132633,5.291266,LS,Lesotho,country,Sub-Saharan Africa,-29.609988,28.233608,1994,6092,6092,0,0,0,0,0,0,0,0,0,0,0,0,0,0,0,0,0,0,0,0,0,0
PK,Pakistan,country,South Asia,30.375321,69.345116,LS,Lesotho,country,Sub-Saharan Africa,-29.609988,28.233608,1994,1155,1041,0,0,0,0,0,0,16,66,0,0,13,19,0,0,0,0,0,0,0,0,0,0
TH,Thailand,country,East Asia and Pacific,15.870032,100.992541,LS,Lesotho,country,Sub-Saharan Africa,-29.609988,28.233608,1994,224,156,0,50,0,0,1,0,0,0,0,0,0,14,0,2,0,0,1,0,0,0,0,0
GB,United Kingdom,country,Europe and Central Asia,55.378051,-3.435973,LS,Lesotho,country,Sub-Saharan Africa,-29.609988,28.233608,1994,13,12,0,0,0,0,0,1,0,0,0,0,0,0,0,0,0,0,0,0,0,0,0,0
US,USA,country,North America,37.09024,-95.712891,LS,Lesotho,country,Sub-Saharan Africa,-29.609988,28.233608,1994,12667,12653,0,0,0,0,0,0,0,0,0,0,0,14,0,0,0,0,0,0,0,0,0,0
ZW,Zimbabwe,country,Sub-Saharan Africa,-19.015438,29.154857,LS,Lesotho,country,Sub-Saharan Africa,-29.609988,28.233608,1994,5107,5086,0,0,0,0,0,0,0,0,0,0,0,0,0,0,0,0,0,21,0,0,0,0
BW,Botswana,country,Sub-Saharan Africa,-22.328474,24.684866,LS,Lesotho,country,Sub-Saharan Africa,-29.609988,28.233608,1995,4,0,0,0,0,0,0,0,0,0,0,0,0,0,0,0,0,4,0,0,0,0,0,0
DK,Denmark,country,Europe and Central Asia,56.26392,9.501785,LS,Lesotho,country,Sub-Saharan Africa,-29.609988,28.233608,1995,1080,0,0,0,1080,0,0,0,0,0,0,0,0,0,0,0,0,0,0,0,0,0,0,0
FR,France,country,Europe and Central Asia,46.227638,2.213749,LS,Lesotho,country,Sub-Saharan Africa,-29.609988,28.233608,1995,21000,21000,0,0,0,0,0,0,0,0,0,0,0,0,0,0,0,0,0,0,0,0,0,0
DE,Germany,country,Europe and Central Asia,51.165691,10.451526,LS,Lesotho,country,Sub-Saharan Africa,-29.609988,28.233608,1995,15148,14991,0,0,0,0,0,0,0,0,0,0,0,0,157,0,0,0,0,0,0,0,0,0
IT,Italy,country,Europe and Central Asia,41.87194,12.56738,LS,Lesotho,country,Sub-Saharan Africa,-29.609988,28.233608,1995,0,0,0,0,0,0,0,0,0,0,0,0,0,0,0,0,0,0,0,0,0,0,0,0
NL,Netherlands,country,Europe and Central Asia,52.132633,5.291266,LS,Lesotho,country,Sub-Saharan Africa,-29.609988,28.233608,1995,304,0,0,0,0,0,0,0,0,0,0,0,0,0,304,0,0,0,0,0,0,0,0,0
PK,Pakistan,country,South Asia,30.375321,69.345116,LS,Lesotho,country,Sub-Saharan Africa,-29.609988,28.233608,1995,104,104,0,0,0,0,0,0,0,0,0,0,0,0,0,0,0,0,0,0,0,0,0,0
KR,"Korea, Rep.",country,East Asia and Pacific,35.907757,127.766922,LS,Lesotho,country,Sub-Saharan Africa,-29.609988,28.233608,1995,1,0,0,0,0,0,0,0,0,0,0,0,0,1,0,0,0,0,0,0,0,0,0,0
CH,Switzerland,country,Europe and Central Asia,46.818188,8.227512,LS,Lesotho,country,Sub-Saharan Africa,-29.609988,28.233608,1995,15,0,0,0,0,0,0,0,0,0,0,0,0,0,0,0,0,0,15,0,0,0,0,0
TH,Thailand,country,East Asia and Pacific,15.870032,100.992541,LS,Lesotho,country,Sub-Saharan Africa,-29.609988,28.233608,1995,45,9,0,1,0,0,1,18,4,0,0,12,0,0,0,0,0,0,0,0,0,0,0,0
GB,United Kingdom,country,Europe and Central Asia,55.378051,-3.435973,LS,Lesotho,country,Sub-Saharan Africa,-29.609988,28.233608,1995,26,0,0,0,0,0,0,0,0,0,0,0,0,0,0,26,0,0,0,0,0,0,0,0
US,USA,country,North America,37.09024,-95.712891,LS,Lesotho,country,Sub-Saharan Africa,-29.609988,28.233608,1995,10112,10112,0,0,0,0,0,0,0,0,0,0,0,0,0,0,0,0,0,0,0,0,0,0
ZW,Zimbabwe,country,Sub-Saharan Africa,-19.015438,29.154857,LS,Lesotho,country,Sub-Saharan Africa,-29.609988,28.233608,1995,383,370,0,0,0,0,0,0,0,0,0,0,0,0,0,13,0,0,0,0,0,0,0,0
AU,Australia,country,East Asia and Pacific,-25.274398,133.775136,LS,Lesotho,country,Sub-Saharan Africa,-29.609988,28.233608,1996,16500,16500,0,0,0,0,0,0,0,0,0,0,0,0,0,0,0,0,0,0,0,0,0,0
BW,Botswana,country,Sub-Saharan Africa,-22.328474,24.684866,LS,Lesotho,country,Sub-Saharan Africa,-29.609988,28.233608,1996,2,0,0,0,0,0,0,0,0,0,0,0,2,0,0,0,0,0,0,0,0,0,0,0
DK,Denmark,country,Europe and Central Asia,56.26392,9.501785,LS,Lesotho,country,Sub-Saharan Africa,-29.609988,28.233608,1996,13420,11000,0,0,2420,0,0,0,0,0,0,0,0,0,0,0,0,0,0,0,0,0,0,0
FR,France,country,Europe and Central Asia,46.227638,2.213749,LS,Lesotho,country,Sub-Saharan Africa,-29.609988,28.233608,1996,4014,4000,0,0,0,0,0,0,0,0,0,0,0,0,14,0,0,0,0,0,0,0,0,0
DE,Germany,country,Europe and Central Asia,51.165691,10.451526,LS,Lesotho,country,Sub-Saharan Africa,-29.609988,28.233608,1996,19176,19176,0,0,0,0,0,0,0,0,0,0,0,0,0,0,0,0,0,0,0,0,0,0
IN,India,country,South Asia,20.593684,78.96288,LS,Lesotho,country,Sub-Saharan Africa,-29.609988,28.233608,1996,16,0,0,0,0,16,0,0,0,0,0,0,0,0,0,0,0,0,0,0,0,0,0,0
JP,Japan,country,East Asia and Pacific,36.204824,138.252924,LS,Lesotho,country,Sub-Saharan Africa,-29.609988,28.233608,1996,0,0,0,0,0,0,0,0,0,0,0,0,0,0,0,0,0,0,0,0,0,0,0,0
PK,Pakistan,country,South Asia,30.375321,69.345116,LS,Lesotho,country,Sub-Saharan Africa,-29.609988,28.233608,1996,86,86,0,0,0,0,0,0,0,0,0,0,0,0,0,0,0,0,0,0,0,0,0,0
KR,"Korea, Rep.",country,East Asia and Pacific,35.907757,127.766922,LS,Lesotho,country,Sub-Saharan Africa,-29.609988,28.233608,1996,61,0,0,0,0,0,0,0,0,61,0,0,0,0,0,0,0,0,0,0,0,0,0,0
TH,Thailand,country,East Asia and Pacific,15.870032,100.992541,LS,Lesotho,country,Sub-Saharan Africa,-29.609988,28.233608,1996,7,0,0,0,0,0,7,0,0,0,0,0,0,0,0,0,0,0,0,0,0,0,0,0
UG,Uganda,country,Sub-Saharan Africa,1.373333,32.290275,LS,Lesotho,country,Sub-Saharan Africa,-29.609988,28.233608,1996,10,0,0,0,0,0,0,0,0,0,0,0,0,0,10,0,0,0,0,0,0,0,0,0
GB,United Kingdom,country,Europe and Central Asia,55.378051,-3.435973,LS,Lesotho,country,Sub-Saharan Africa,-29.609988,28.233608,1996,15,0,0,0,0,0,0,0,0,0,0,0,0,0,0,0,0,15,0,0,0,0,0,0
US,USA,country,North America,37.09024,-95.712891,LS,Lesotho,country,Sub-Saharan Africa,-29.609988,28.233608,1996,8291,8291,0,0,0,0,0,0,0,0,0,0,0,0,0,0,0,0,0,0,0,0,0,0
ZW,Zimbabwe,country,Sub-Saharan Africa,-19.015438,29.154857,LS,Lesotho,country,Sub-Saharan Africa,-29.609988,28.233608,1996,82,3,0,0,0,0,0,0,0,0,0,0,78,1,0,0,0,0,0,0,0,0,0,0
AU,Australia,country,East Asia and Pacific,-25.274398,133.775136,LS,Lesotho,country,Sub-Saharan Africa,-29.609988,28.233608,1997,11000,11000,0,0,0,0,0,0,0,0,0,0,0,0,0,0,0,0,0,0,0,0,0,0
TW,Taiwan,country,East Asia and Pacific,23.69781,120.960515,LS,Lesotho,country,Sub-Saharan Africa,-29.609988,28.233608,1997,0,0,0,0,0,0,0,0,0,0,0,0,0,0,0,0,0,0,0,0,0,0,0,0
IT,Italy,country,Europe and Central Asia,41.87194,12.56738,LS,Lesotho,country,Sub-Saharan Africa,-29.609988,28.233608,1997,10,10,0,0,0,0,0,0,0,0,0,0,0,0,0,0,0,0,0,0,0,0,0,0
KE,Kenya,country,Sub-Saharan Africa,-0.023559,37.906193,LS,Lesotho,country,Sub-Saharan Africa,-29.609988,28.233608,1997,105,0,0,0,0,0,0,0,0,0,0,0,105,0,0,0,0,0,0,0,0,0,0,0
MW,Malawi,country,Sub-Saharan Africa,-13.254308,34.301525,LS,Lesotho,country,Sub-Saharan Africa,-29.609988,28.233608,1997,9,0,0,0,0,0,0,0,0,0,0,0,9,0,0,0,0,0,0,0,0,0,0,0
PK,Pakistan,country,South Asia,30.375321,69.345116,LS,Lesotho,country,Sub-Saharan Africa,-29.609988,28.233608,1997,363,356,0,7,0,0,0,0,0,0,0,0,0,0,0,0,0,0,0,0,0,0,0,0
SZ,Swaziland,country,Sub-Saharan Africa,-26.522503,31.465866,LS,Lesotho,country,Sub-Saharan Africa,-29.609988,28.233608,1997,6,2,0,0,0,0,0,0,0,0,0,0,0,0,0,0,0,4,0,0,0,0,0,0
GB,United Kingdom,country,Europe and Central Asia,55.378051,-3.435973,LS,Lesotho,country,Sub-Saharan Africa,-29.609988,28.233608,1997,0,0,0,0,0,0,0,0,0,0,0,0,0,0,0,0,0,0,0,0,0,0,0,0
US,USA,country,North America,37.09024,-95.712891,LS,Lesotho,country,Sub-Saharan Africa,-29.609988,28.233608,1997,4337,2994,0,0,0,0,0,0,0,0,0,1032,0,0,311,0,0,0,0,0,0,0,0,0
ZW,Zimbabwe,country,Sub-Saharan Africa,-19.015438,29.154857,LS,Lesotho,country,Sub-Saharan Africa,-29.609988,28.233608,1997,61,6,0,0,0,0,0,0,0,0,0,0,55,0,0,0,0,0,0,0,0,0,0,0
AU,Australia,country,East Asia and Pacific,-25.274398,133.775136,LS,Lesotho,country,Sub-Saharan Africa,-29.609988,28.233608,1998,10395,10395,0,0,0,0,0,0,0,0,0,0,0,0,0,0,0,0,0,0,0,0,0,0
CN,China,country,East Asia and Pacific,35.86166,104.195397,LS,Lesotho,country,Sub-Saharan Africa,-29.609988,28.233608,1998,200,200,0,0,0,0,0,0,0,0,0,0,0,0,0,0,0,0,0,0,0,0,0,0
IT,Italy,country,Europe and Central Asia,41.87194,12.56738,LS,Lesotho,country,Sub-Saharan Africa,-29.609988,28.233608,1998,12,0,0,0,0,0,0,0,0,0,0,0,0,7,5,0,0,0,0,0,0,0,0,0
KR,"Korea, Rep.",country,East Asia and Pacific,35.907757,127.766922,LS,Lesotho,country,Sub-Saharan Africa,-29.609988,28.233608,1998,2,0,0,0,0,0,0,0,0,0,0,0,0,2,0,0,0,0,0,0,0,0,0,0
SZ,Swaziland,country,Sub-Saharan Africa,-26.522503,31.465866,LS,Lesotho,country,Sub-Saharan Africa,-29.609988,28.233608,1998,10,1,0,3,0,0,0,0,1,0,0,0,0,5,0,0,0,0,0,0,0,0,0,0
TH,Thailand,country,East Asia and Pacific,15.870032,100.992541,LS,Lesotho,country,Sub-Saharan Africa,-29.609988,28.233608,1998,2,2,0,0,0,0,0,0,0,0,0,0,0,0,0,0,0,0,0,0,0,0,0,0
US,USA,country,North America,37.09024,-95.712891,LS,Lesotho,country,Sub-Saharan Africa,-29.609988,28.233608,1998,8036,8036,0,0,0,0,0,0,0,0,0,0,0,0,0,0,0,0,0,0,0,0,0,0
ZW,Zimbabwe,country,Sub-Saharan Africa,-19.015438,29.154857,LS,Lesotho,country,Sub-Saharan Africa,-29.609988,28.233608,1998,649,0,0,574,75,0,0,0,0,0,0,0,0,0,0,0,0,0,0,0,0,0,0,0
BE,Belgium,country,Europe and Central Asia,50.503887,4.469936,LS,Lesotho,country,Sub-Saharan Africa,-29.609988,28.233608,1999,15,0,0,0,0,0,0,0,0,0,0,0,0,0,15,0,0,0,0,0,0,0,0,0
BW,Botswana,country,Sub-Saharan Africa,-22.328474,24.684866,LS,Lesotho,country,Sub-Saharan Africa,-29.609988,28.233608,1999,32,0,0,0,0,0,0,0,0,32,0,0,0,0,0,0,0,0,0,0,0,0,0,0
HK,Hong Kong,country,East Asia and Pacific,22.396428,114.109497,LS,Lesotho,country,Sub-Saharan Africa,-29.609988,28.233608,1999,4,0,0,0,0,0,0,0,0,0,0,0,0,4,0,0,0,0,0,0,0,0,0,0
DK,Denmark,country,Europe and Central Asia,56.26392,9.501785,LS,Lesotho,country,Sub-Saharan Africa,-29.609988,28.233608,1999,315,0,0,0,315,0,0,0,0,0,0,0,0,0,0,0,0,0,0,0,0,0,0,0
LK,Sri Lanka,country,South Asia,7.873054,80.771797,LS,Lesotho,country,Sub-Saharan Africa,-29.609988,28.233608,1999,86,0,0,0,0,0,12,0,0,0,0,0,24,50,0,0,0,0,0,0,0,0,0,0
GB,United Kingdom,country,Europe and Central Asia,55.378051,-3.435973,LS,Lesotho,country,Sub-Saharan Africa,-29.609988,28.233608,1999,54,0,0,0,0,0,0,0,0,0,0,0,0,13,0,25,0,0,16,0,0,0,0,0
US,USA,country,North America,37.09024,-95.712891,LS,Lesotho,country,Sub-Saharan Africa,-29.609988,28.233608,1999,0,0,0,0,0,0,0,0,0,0,0,0,0,0,0,0,0,0,0,0,0,0,0,0
ZW,Zimbabwe,country,Sub-Saharan Africa,-19.015438,29.154857,LS,Lesotho,country,Sub-Saharan Africa,-29.609988,28.233608,1999,0,0,0,0,0,0,0,0,0,0,0,0,0,0,0,0,0,0,0,0,0,0,0,0
BW,Botswana,country,Sub-Saharan Africa,-22.328474,24.684866,LS,Lesotho,country,Sub-Saharan Africa,-29.609988,28.233608,2000,28,0,0,0,0,0,0,0,0,0,0,22,0,0,6,0,0,0,0,0,0,0,0,0
CN,China,country,East Asia and Pacific,35.86166,104.195397,LS,Lesotho,country,Sub-Saharan Africa,-29.609988,28.233608,2000,2,0,0,0,0,0,0,0,0,0,0,0,0,2,0,0,0,0,0,0,0,0,0,0
DK,Denmark,country,Europe and Central Asia,56.26392,9.501785,LS,Lesotho,country,Sub-Saharan Africa,-29.609988,28.233608,2000,504,0,0,0,504,0,0,0,0,0,0,0,0,0,0,0,0,0,0,0,0,0,0,0
NA,Namibia,country,Sub-Saharan Africa,-22.95764,18.49041,LS,Lesotho,country,Sub-Saharan Africa,-29.609988,28.233608,2000,28,0,0,0,0,0,0,0,0,0,0,0,0,0,0,28,0,0,0,0,0,0,0,0
ZA,S. Africa,country,Sub-Saharan Africa,-30.559482,22.937506,LS,Lesotho,country,Sub-Saharan Africa,-29.609988,28.233608,2000,1,0,0,0,0,0,0,0,0,0,0,0,0,1,0,0,0,0,0,0,0,0,0,0
SZ,Swaziland,country,Sub-Saharan Africa,-26.522503,31.465866,LS,Lesotho,country,Sub-Saharan Africa,-29.609988,28.233608,2000,1,0,0,1,0,0,0,0,0,0,0,0,0,0,0,0,0,0,0,0,0,0,0,0
TH,Thailand,country,East Asia and Pacific,15.870032,100.992541,LS,Lesotho,country,Sub-Saharan Africa,-29.609988,28.233608,2000,4,0,0,0,0,0,0,0,0,0,0,0,0,4,0,0,0,0,0,0,0,0,0,0
GB,United Kingdom,country,Europe and Central Asia,55.378051,-3.435973,LS,Lesotho,country,Sub-Saharan Africa,-29.609988,28.233608,2000,128,0,0,0,0,0,0,0,0,0,0,128,0,0,0,0,0,0,0,0,0,0,0,0
US,USA,country,North America,37.09024,-95.712891,LS,Lesotho,country,Sub-Saharan Africa,-29.609988,28.233608,2000,4075,4075,0,0,0,0,0,0,0,0,0,0,0,0,0,0,0,0,0,0,0,0,0,0
ZM,Zambia,country,Sub-Saharan Africa,-13.133897,27.849332,LS,Lesotho,country,Sub-Saharan Africa,-29.609988,28.233608,2000,90,90,0,0,0,0,0,0,0,0,0,0,0,0,0,0,0,0,0,0,0,0,0,0
BW,Botswana,country,Sub-Saharan Africa,-22.328474,24.684866,LS,Lesotho,country,Sub-Saharan Africa,-29.609988,28.233608,2001,42,0,0,0,0,0,0,0,0,0,0,23,0,0,0,0,0,19,0,0,0,0,0,0
BR,Brazil,country,Latin America and the Caribbean,-14.235004,-51.92528,LS,Lesotho,country,Sub-Saharan Africa,-29.609988,28.233608,2001,25,0,0,0,0,0,0,0,0,0,0,0,0,0,0,0,0,25,0,0,0,0,0,0
CL,Chile,country,Latin America and the Caribbean,-35.675147,-71.542969,LS,Lesotho,country,Sub-Saharan Africa,-29.609988,28.233608,2001,42,0,0,0,0,0,0,42,0,0,0,0,0,0,0,0,0,0,0,0,0,0,0,0
CN,China,country,East Asia and Pacific,35.86166,104.195397,LS,Lesotho,country,Sub-Saharan Africa,-29.609988,28.233608,2001,0,0,0,0,0,0,0,0,0,0,0,0,0,0,0,0,0,0,0,0,0,0,0,0
TW,Taiwan,country,East Asia and Pacific,23.69781,120.960515,LS,Lesotho,country,Sub-Saharan Africa,-29.609988,28.233608,2001,0,0,0,0,0,0,0,0,0,0,0,0,0,0,0,0,0,0,0,0,0,0,0,0
DK,Denmark,country,Europe and Central Asia,56.26392,9.501785,LS,Lesotho,country,Sub-Saharan Africa,-29.609988,28.233608,2001,694,0,0,0,674,0,0,0,0,0,0,0,0,0,0,0,0,0,20,0,0,0,0,0
FI,Finland,country,Europe and Central Asia,61.92411,25.748151,LS,Lesotho,country,Sub-Saharan Africa,-29.609988,28.233608,2001,0,0,0,0,0,0,0,0,0,0,0,0,0,0,0,0,0,0,0,0,0,0,0,0
GR,Greece,country,Europe and Central Asia,39.074208,21.824312,LS,Lesotho,country,Sub-Saharan Africa,-29.609988,28.233608,2001,80,0,0,0,0,0,0,0,0,0,0,0,0,0,0,80,0,0,0,0,0,0,0,0
IN,India,country,South Asia,20.593684,78.96288,LS,Lesotho,country,Sub-Saharan Africa,-29.609988,28.233608,2001,70,0,0,0,0,0,0,70,0,0,0,0,0,0,0,0,0,0,0,0,0,0,0,0
IE,Ireland,country,Europe and Central Asia,53.41291,-8.24389,LS,Lesotho,country,Sub-Saharan Africa,-29.609988,28.233608,2001,2,0,0,0,0,0,0,0,0,0,0,0,0,0,0,0,0,2,0,0,0,0,0,0
NA,Namibia,country,Sub-Saharan Africa,-22.95764,18.49041,LS,Lesotho,country,Sub-Saharan Africa,-29.609988,28.233608,2001,34,0,0,0,0,0,0,0,0,0,0,0,0,0,0,34,0,0,0,0,0,0,0,0
PK,Pakistan,country,South Asia,30.375321,69.345116,LS,Lesotho,country,Sub-Saharan Africa,-29.609988,28.233608,2001,7980,7980,0,0,0,0,0,0,0,0,0,0,0,0,0,0,0,0,0,0,0,0,0,0
US,USA,country,North America,37.09024,-95.712891,LS,Lesotho,country,Sub-Saharan Africa,-29.609988,28.233608,2001,15,0,0,0,0,0,0,0,0,0,0,0,0,15,0,0,0,0,0,0,0,0,0,0
ZM,Zambia,country,Sub-Saharan Africa,-13.133897,27.849332,LS,Lesotho,country,Sub-Saharan Africa,-29.609988,28.233608,2001,25,25,0,0,0,0,0,0,0,0,0,0,0,0,0,0,0,0,0,0,0,0,0,0
ZW,Zimbabwe,country,Sub-Saharan Africa,-19.015438,29.154857,LS,Lesotho,country,Sub-Saharan Africa,-29.609988,28.233608,2001,1213,1213,0,0,0,0,0,0,0,0,0,0,0,0,0,0,0,0,0,0,0,0,0,0
CN,China,country,East Asia and Pacific,35.86166,104.195397,LS,Lesotho,country,Sub-Saharan Africa,-29.609988,28.233608,2002,2000,2000,0,0,0,0,0,0,0,0,0,0,0,0,0,0,0,0,0,0,0,0,0,0
TW,Taiwan,country,East Asia and Pacific,23.69781,120.960515,LS,Lesotho,country,Sub-Saharan Africa,-29.609988,28.233608,2002,3,0,0,0,0,0,0,0,0,0,0,0,0,3,0,0,0,0,0,0,0,0,0,0
DK,Denmark,country,Europe and Central Asia,56.26392,9.501785,LS,Lesotho,country,Sub-Saharan Africa,-29.609988,28.233608,2002,1839,0,0,0,1839,0,0,0,0,0,0,0,0,0,0,0,0,0,0,0,0,0,0,0
FR,France,country,Europe and Central Asia,46.227638,2.213749,LS,Lesotho,country,Sub-Saharan Africa,-29.609988,28.233608,2002,12099,12099,0,0,0,0,0,0,0,0,0,0,0,0,0,0,0,0,0,0,0,0,0,0
DE,Germany,country,Europe and Central Asia,51.165691,10.451526,LS,Lesotho,country,Sub-Saharan Africa,-29.609988,28.233608,2002,94,11,0,0,0,0,0,0,0,0,0,0,82,0,0,1,0,0,0,0,0,0,0,0
MY,Malaysia,country,East Asia and Pacific,4.210484,101.975766,LS,Lesotho,country,Sub-Saharan Africa,-29.609988,28.233608,2002,134,0,0,0,0,0,0,0,0,0,0,0,0,0,134,0,0,0,0,0,0,0,0,0
NL,Netherlands,country,Europe and Central Asia,52.132633,5.291266,LS,Lesotho,country,Sub-Saharan Africa,-29.609988,28.233608,2002,0,0,0,0,0,0,0,0,0,0,0,0,0,0,0,0,0,0,0,0,0,0,0,0
SG,Singapore,country,East Asia and Pacific,1.352083,103.819836,LS,Lesotho,country,Sub-Saharan Africa,-29.609988,28.233608,2002,6,0,0,0,0,0,0,0,0,6,0,0,0,0,0,0,0,0,0,0,0,0,0,0
SZ,Swaziland,country,Sub-Saharan Africa,-26.522503,31.465866,LS,Lesotho,country,Sub-Saharan Africa,-29.609988,28.233608,2002,55,0,0,55,0,0,0,0,0,0,0,0,0,0,0,0,0,0,0,0,0,0,0,0
TH,Thailand,country,East Asia and Pacific,15.870032,100.992541,LS,Lesotho,country,Sub-Saharan Africa,-29.609988,28.233608,2002,40,40,0,0,0,0,0,0,0,0,0,0,0,0,0,0,0,0,0,0,0,0,0,0
ZM,Zambia,country,Sub-Saharan Africa,-13.133897,27.849332,LS,Lesotho,country,Sub-Saharan Africa,-29.609988,28.233608,2002,74,74,0,0,0,0,0,0,0,0,0,0,0,0,0,0,0,0,0,0,0,0,0,0
ZW,Zimbabwe,country,Sub-Saharan Africa,-19.015438,29.154857,LS,Lesotho,country,Sub-Saharan Africa,-29.609988,28.233608,2002,783,782,0,0,0,0,0,0,0,0,0,0,0,1,0,0,0,0,0,0,0,0,0,0
CA,Canada,country,North America,56.130366,-106.346771,LS,Lesotho,country,Sub-Saharan Africa,-29.609988,28.233608,2003,980,0,0,0,980,0,0,0,0,0,0,0,0,0,0,0,0,0,0,0,0,0,0,0
CN,China,country,East Asia and Pacific,35.86166,104.195397,LS,Lesotho,country,Sub-Saharan Africa,-29.609988,28.233608,2003,40,40,0,0,0,0,0,0,0,0,0,0,0,0,0,0,0,0,0,0,0,0,0,0
TW,Taiwan,country,East Asia and Pacific,23.69781,120.960515,LS,Lesotho,country,Sub-Saharan Africa,-29.609988,28.233608,2003,0,0,0,0,0,0,0,0,0,0,0,0,0,0,0,0,0,0,0,0,0,0,0,0
DK,Denmark,country,Europe and Central Asia,56.26392,9.501785,LS,Lesotho,country,Sub-Saharan Africa,-29.609988,28.233608,2003,957,0,0,0,957,0,0,0,0,0,0,0,0,0,0,0,0,0,0,0,0,0,0,0
EG,Egypt,country,Middle East and North Africa,26.820553,30.802498,LS,Lesotho,country,Sub-Saharan Africa,-29.609988,28.233608,2003,3,0,0,0,0,0,0,0,3,0,0,0,0,0,0,0,0,0,0,0,0,0,0,0
DE,Germany,country,Europe and Central Asia,51.165691,10.451526,LS,Lesotho,country,Sub-Saharan Africa,-29.609988,28.233608,2003,2117,2110,0,0,0,0,0,0,0,0,0,0,0,0,0,7,0,0,0,0,0,0,0,0
IN,India,country,South Asia,20.593684,78.96288,LS,Lesotho,country,Sub-Saharan Africa,-29.609988,28.233608,2003,1,0,0,0,0,0,0,1,0,0,0,0,0,0,0,0,0,0,0,0,0,0,0,0
IT,Italy,country,Europe and Central Asia,41.87194,12.56738,LS,Lesotho,country,Sub-Saharan Africa,-29.609988,28.233608,2003,0,0,0,0,0,0,0,0,0,0,0,0,0,0,0,0,0,0,0,0,0,0,0,0
NL,Netherlands,country,Europe and Central Asia,52.132633,5.291266,LS,Lesotho,country,Sub-Saharan Africa,-29.609988,28.233608,2003,6,0,0,4,0,0,0,0,0,0,0,0,0,0,0,2,0,0,0,0,0,0,0,0
PK,Pakistan,country,South Asia,30.375321,69.345116,LS,Lesotho,country,Sub-Saharan Africa,-29.609988,28.233608,2003,22,22,0,0,0,0,0,0,0,0,0,0,0,0,0,0,0,0,0,0,0,0,0,0
PH,Philippines,country,East Asia and Pacific,12.879721,121.774017,LS,Lesotho,country,Sub-Saharan Africa,-29.609988,28.233608,2003,1,0,0,0,0,0,0,0,1,0,0,0,0,0,0,0,0,0,0,0,0,0,0,0
LK,Sri Lanka,country,South Asia,7.873054,80.771797,LS,Lesotho,country,Sub-Saharan Africa,-29.609988,28.233608,2003,7,0,0,0,0,0,0,0,0,0,0,0,7,0,0,0,0,0,0,0,0,0,0,0
SZ,Swaziland,country,Sub-Saharan Africa,-26.522503,31.465866,LS,Lesotho,country,Sub-Saharan Africa,-29.609988,28.233608,2003,2,0,0,0,0,0,0,0,2,0,0,0,0,0,0,0,0,0,0,0,0,0,0,0
CH,Switzerland,country,Europe and Central Asia,46.818188,8.227512,LS,Lesotho,country,Sub-Saharan Africa,-29.609988,28.233608,2003,0,0,0,0,0,0,0,0,0,0,0,0,0,0,0,0,0,0,0,0,0,0,0,0
TH,Thailand,country,East Asia and Pacific,15.870032,100.992541,LS,Lesotho,country,Sub-Saharan Africa,-29.609988,28.233608,2003,0,0,0,0,0,0,0,0,0,0,0,0,0,0,0,0,0,0,0,0,0,0,0,0
GB,United Kingdom,country,Europe and Central Asia,55.378051,-3.435973,LS,Lesotho,country,Sub-Saharan Africa,-29.609988,28.233608,2003,0,0,0,0,0,0,0,0,0,0,0,0,0,0,0,0,0,0,0,0,0,0,0,0
US,USA,country,North America,37.09024,-95.712891,LS,Lesotho,country,Sub-Saharan Africa,-29.609988,28.233608,2003,5464,2430,0,0,2035,0,0,0,0,0,0,0,0,0,999,0,0,0,0,0,0,0,0,0
ZM,Zambia,country,Sub-Saharan Africa,-13.133897,27.849332,LS,Lesotho,country,Sub-Saharan Africa,-29.609988,28.233608,2003,150,150,0,0,0,0,0,0,0,0,0,0,0,0,0,0,0,0,0,0,0,0,0,0
BJ,Benin,country,Sub-Saharan Africa,9.30769,2.315834,LS,Lesotho,country,Sub-Saharan Africa,-29.609988,28.233608,2004,278,0,0,0,0,0,0,0,0,278,0,0,0,0,0,0,0,0,0,0,0,0,0,0
BR,Brazil,country,Latin America and the Caribbean,-14.235004,-51.92528,LS,Lesotho,country,Sub-Saharan Africa,-29.609988,28.233608,2004,319,0,0,0,0,0,0,0,0,319,0,0,0,0,0,0,0,0,0,0,0,0,0,0
CN,China,country,East Asia and Pacific,35.86166,104.195397,LS,Lesotho,country,Sub-Saharan Africa,-29.609988,28.233608,2004,2000,2000,0,0,0,0,0,0,0,0,0,0,0,0,0,0,0,0,0,0,0,0,0,0
TW,Taiwan,country,East Asia and Pacific,23.69781,120.960515,LS,Lesotho,country,Sub-Saharan Africa,-29.609988,28.233608,2004,1,0,0,0,0,0,0,0,0,0,0,0,0,0,0,1,0,0,0,0,0,0,0,0
CI,Ivory Coast,country,Sub-Saharan Africa,7.539989,-5.54708,LS,Lesotho,country,Sub-Saharan Africa,-29.609988,28.233608,2004,500,0,0,0,0,0,0,0,0,500,0,0,0,0,0,0,0,0,0,0,0,0,0,0
DK,Denmark,country,Europe and Central Asia,56.26392,9.501785,LS,Lesotho,country,Sub-Saharan Africa,-29.609988,28.233608,2004,1362,0,0,0,920,0,0,0,0,0,0,0,0,0,442,0,0,0,0,0,0,0,0,0
DE,Germany,country,Europe and Central Asia,51.165691,10.451526,LS,Lesotho,country,Sub-Saharan Africa,-29.609988,28.233608,2004,71,0,0,62,0,0,0,0,0,0,0,0,0,7,0,0,0,1,1,0,0,0,0,0
IN,India,country,South Asia,20.593684,78.96288,LS,Lesotho,country,Sub-Saharan Africa,-29.609988,28.233608,2004,9444,9441,0,0,0,0,0,1,0,0,0,0,0,2,0,0,0,0,0,0,0,0,0,0
IT,Italy,country,Europe and Central Asia,41.87194,12.56738,LS,Lesotho,country,Sub-Saharan Africa,-29.609988,28.233608,2004,11,0,0,0,0,0,0,0,0,0,0,0,0,0,0,11,0,0,0,0,0,0,0,0
MG,Madagascar,country,Sub-Saharan Africa,-18.766947,46.869107,LS,Lesotho,country,Sub-Saharan Africa,-29.609988,28.233608,2004,42,0,0,0,0,0,0,0,0,0,0,0,0,0,0,0,0,0,0,42,0,0,0,0
NL,Netherlands,country,Europe and Central Asia,52.132633,5.291266,LS,Lesotho,country,Sub-Saharan Africa,-29.609988,28.233608,2004,457,0,0,4,0,0,0,0,0,0,0,0,0,0,450,0,0,0,3,0,0,0,0,0
PK,Pakistan,country,South Asia,30.375321,69.345116,LS,Lesotho,country,Sub-Saharan Africa,-29.609988,28.233608,2004,7,0,0,0,0,0,0,0,0,0,0,0,7,0,0,0,0,0,0,0,0,0,0,0
CH,Switzerland,country,Europe and Central Asia,46.818188,8.227512,LS,Lesotho,country,Sub-Saharan Africa,-29.609988,28.233608,2004,17,0,0,0,0,0,0,0,0,0,0,0,0,0,0,0,0,0,17,0,0,0,0,0
TH,Thailand,country,East Asia and Pacific,15.870032,100.992541,LS,Lesotho,country,Sub-Saharan Africa,-29.609988,28.233608,2004,100,100,0,0,0,0,0,0,0,0,0,0,0,0,0,0,0,0,0,0,0,0,0,0
GB,United Kingdom,country,Europe and Central Asia,55.378051,-3.435973,LS,Lesotho,country,Sub-Saharan Africa,-29.609988,28.233608,2004,0,0,0,0,0,0,0,0,0,0,0,0,0,0,0,0,0,0,0,0,0,0,0,0
US,USA,country,North America,37.09024,-95.712891,LS,Lesotho,country,Sub-Saharan Africa,-29.609988,28.233608,2004,11723,9915,0,0,1495,0,0,0,0,0,0,0,0,0,300,0,0,13,0,0,0,0,0,0
ZM,Zambia,country,Sub-Saharan Africa,-13.133897,27.849332,LS,Lesotho,country,Sub-Saharan Africa,-29.609988,28.233608,2004,3759,1177,0,0,0,0,0,0,0,2582,0,0,0,0,0,0,0,0,0,0,0,0,0,0
ZW,Zimbabwe,country,Sub-Saharan Africa,-19.015438,29.154857,LS,Lesotho,country,Sub-Saharan Africa,-29.609988,28.233608,2004,4010,1700,0,0,0,0,0,0,0,2310,0,0,0,0,0,0,0,0,0,0,0,0,0,0
AR,Argentina,country,Latin America and the Caribbean,-38.416097,-63.616672,LS,Lesotho,country,Sub-Saharan Africa,-29.609988,28.233608,2005,196,0,0,0,0,0,0,0,0,0,0,0,0,0,196,0,0,0,0,0,0,0,0,0
BE,Belgium,country,Europe and Central Asia,50.503887,4.469936,LS,Lesotho,country,Sub-Saharan Africa,-29.609988,28.233608,2005,876,876,0,0,0,0,0,0,0,0,0,0,0,0,0,0,0,0,0,0,0,0,0,0
CA,Canada,country,North America,56.130366,-106.346771,LS,Lesotho,country,Sub-Saharan Africa,-29.609988,28.233608,2005,333,0,0,0,250,0,0,0,0,0,0,0,0,0,83,0,0,0,0,0,0,0,0,0
TW,Taiwan,country,East Asia and Pacific,23.69781,120.960515,LS,Lesotho,country,Sub-Saharan Africa,-29.609988,28.233608,2005,0,0,0,0,0,0,0,0,0,0,0,0,0,0,0,0,0,0,0,0,0,0,0,0
DK,Denmark,country,Europe and Central Asia,56.26392,9.501785,LS,Lesotho,country,Sub-Saharan Africa,-29.609988,28.233608,2005,92,0,0,0,0,0,0,0,0,0,0,0,0,0,92,0,0,0,0,0,0,0,0,0
DE,Germany,country,Europe and Central Asia,51.165691,10.451526,LS,Lesotho,country,Sub-Saharan Africa,-29.609988,28.233608,2005,71,2,0,42,0,0,0,0,0,0,0,0,0,1,0,25,0,1,0,0,0,0,0,0
IT,Italy,country,Europe and Central Asia,41.87194,12.56738,LS,Lesotho,country,Sub-Saharan Africa,-29.609988,28.233608,2005,33,0,0,0,0,0,0,0,0,0,0,0,0,0,0,33,0,0,0,0,0,0,0,0
NL,Netherlands,country,Europe and Central Asia,52.132633,5.291266,LS,Lesotho,country,Sub-Saharan Africa,-29.609988,28.233608,2005,0,0,0,0,0,0,0,0,0,0,0,0,0,0,0,0,0,0,0,0,0,0,0,0
PK,Pakistan,country,South Asia,30.375321,69.345116,LS,Lesotho,country,Sub-Saharan Africa,-29.609988,28.233608,2005,15999,15999,0,0,0,0,0,0,0,0,0,0,0,0,0,0,0,0,0,0,0,0,0,0
SZ,Swaziland,country,Sub-Saharan Africa,-26.522503,31.465866,LS,Lesotho,country,Sub-Saharan Africa,-29.609988,28.233608,2005,9,9,0,0,0,0,0,0,0,0,0,0,0,0,0,0,0,0,0,0,0,0,0,0
CH,Switzerland,country,Europe and Central Asia,46.818188,8.227512,LS,Lesotho,country,Sub-Saharan Africa,-29.609988,28.233608,2005,0,0,0,0,0,0,0,0,0,0,0,0,0,0,0,0,0,0,0,0,0,0,0,0
TH,Thailand,country,East Asia and Pacific,15.870032,100.992541,LS,Lesotho,country,Sub-Saharan Africa,-29.609988,28.233608,2005,151,0,150,0,0,0,0,0,0,0,0,0,0,1,0,0,0,0,0,0,0,0,0,0
US,USA,country,North America,37.09024,-95.712891,LS,Lesotho,country,Sub-Saharan Africa,-29.609988,28.233608,2005,9513,6993,0,0,1195,0,0,16,0,0,0,0,0,0,1309,0,0,0,0,0,0,0,0,0
ZM,Zambia,country,Sub-Saharan Africa,-13.133897,27.849332,LS,Lesotho,country,Sub-Saharan Africa,-29.609988,28.233608,2005,1613,0,0,0,0,0,1094,0,0,519,0,0,0,0,0,0,0,0,0,0,0,0,0,0
ZW,Zimbabwe,country,Sub-Saharan Africa,-19.015438,29.154857,LS,Lesotho,country,Sub-Saharan Africa,-29.609988,28.233608,2005,850,850,0,0,0,0,0,0,0,0,0,0,0,0,0,0,0,0,0,0,0,0,0,0
BE,Belgium,country,Europe and Central Asia,50.503887,4.469936,LS,Lesotho,country,Sub-Saharan Africa,-29.609988,28.233608,2006,189,189,0,0,0,0,0,0,0,0,0,0,0,0,0,0,0,0,0,0,0,0,0,0
CA,Canada,country,North America,56.130366,-106.346771,LS,Lesotho,country,Sub-Saharan Africa,-29.609988,28.233608,2006,168,0,0,0,0,0,0,0,0,0,0,0,0,0,168,0,0,0,0,0,0,0,0,0
TW,Taiwan,country,East Asia and Pacific,23.69781,120.960515,LS,Lesotho,country,Sub-Saharan Africa,-29.609988,28.233608,2006,7,6,0,0,0,0,0,0,0,0,0,0,0,0,1,0,0,0,0,0,0,0,0,0
DK,Denmark,country,Europe and Central Asia,56.26392,9.501785,LS,Lesotho,country,Sub-Saharan Africa,-29.609988,28.233608,2006,175,0,0,0,175,0,0,0,0,0,0,0,0,0,0,0,0,0,0,0,0,0,0,0
EC,Ecuador,country,Latin America and the Caribbean,-1.831239,-78.183406,LS,Lesotho,country,Sub-Saharan Africa,-29.609988,28.233608,2006,0,0,0,0,0,0,0,0,0,0,0,0,0,0,0,0,0,0,0,0,0,0,0,0
DE,Germany,country,Europe and Central Asia,51.165691,10.451526,LS,Lesotho,country,Sub-Saharan Africa,-29.609988,28.233608,2006,62,1,0,22,0,0,0,0,0,0,0,0,39,0,0,0,0,0,0,0,0,0,0,0
IN,India,country,South Asia,20.593684,78.96288,LS,Lesotho,country,Sub-Saharan Africa,-29.609988,28.233608,2006,6,0,0,0,0,0,0,0,0,0,0,0,0,6,0,0,0,0,0,0,0,0,0,0
IT,Italy,country,Europe and Central Asia,41.87194,12.56738,LS,Lesotho,country,Sub-Saharan Africa,-29.609988,28.233608,2006,44,0,0,0,0,0,0,0,0,0,0,0,0,0,0,44,0,0,0,0,0,0,0,0
NL,Netherlands,country,Europe and Central Asia,52.132633,5.291266,LS,Lesotho,country,Sub-Saharan Africa,-29.609988,28.233608,2006,5,0,0,5,0,0,0,0,0,0,0,0,0,0,0,0,0,0,0,0,0,0,0,0
NZ,New Zealand,country,East Asia and Pacific,-40.900557,174.885971,LS,Lesotho,country,Sub-Saharan Africa,-29.609988,28.233608,2006,0,0,0,0,0,0,0,0,0,0,0,0,0,0,0,0,0,0,0,0,0,0,0,0
PK,Pakistan,country,South Asia,30.375321,69.345116,LS,Lesotho,country,Sub-Saharan Africa,-29.609988,28.233608,2006,19691,19675,0,16,0,0,0,0,0,0,0,0,0,0,0,0,0,0,0,0,0,0,0,0
CH,Switzerland,country,Europe and Central Asia,46.818188,8.227512,LS,Lesotho,country,Sub-Saharan Africa,-29.609988,28.233608,2006,0,0,0,0,0,0,0,0,0,0,0,0,0,0,0,0,0,0,0,0,0,0,0,0
TH,Thailand,country,East Asia and Pacific,15.870032,100.992541,LS,Lesotho,country,Sub-Saharan Africa,-29.609988,28.233608,2006,411,20,375,0,0,0,0,0,0,0,0,16,0,0,0,0,0,0,0,0,0,0,0,0
US,USA,country,North America,37.09024,-95.712891,LS,Lesotho,country,Sub-Saharan Africa,-29.609988,28.233608,2006,8391,6700,0,0,1099,0,0,0,0,0,0,0,0,0,592,0,0,0,0,0,0,0,0,0
ZM,Zambia,country,Sub-Saharan Africa,-13.133897,27.849332,LS,Lesotho,country,Sub-Saharan Africa,-29.609988,28.233608,2006,3770,120,0,0,0,0,0,0,0,3650,0,0,0,0,0,0,0,0,0,0,0,0,0,0
ZW,Zimbabwe,country,Sub-Saharan Africa,-19.015438,29.154857,LS,Lesotho,country,Sub-Saharan Africa,-29.609988,28.233608,2006,1152,1106,0,0,0,0,0,0,0,46,0,0,0,0,0,0,0,0,0,0,0,0,0,0
BE,Belgium,country,Europe and Central Asia,50.503887,4.469936,LS,Lesotho,country,Sub-Saharan Africa,-29.609988,28.233608,2007,6,0,0,0,0,0,0,0,0,0,0,0,0,0,0,0,0,6,0,0,0,0,0,0
CN,China,country,East Asia and Pacific,35.86166,104.195397,LS,Lesotho,country,Sub-Saharan Africa,-29.609988,28.233608,2007,20,0,0,0,0,0,0,0,0,0,0,0,0,19,0,1,0,0,0,0,0,0,0,0
CI,Ivory Coast,country,Sub-Saharan Africa,7.539989,-5.54708,LS,Lesotho,country,Sub-Saharan Africa,-29.609988,28.233608,2007,1147,0,0,0,0,0,0,0,0,1147,0,0,0,0,0,0,0,0,0,0,0,0,0,0
CZ,Czech Republic,country,Europe and Central Asia,49.817492,15.472962,LS,Lesotho,country,Sub-Saharan Africa,-29.609988,28.233608,2007,2,0,0,0,0,0,0,0,0,0,0,0,0,2,0,0,0,0,0,0,0,0,0,0
EG,Egypt,country,Middle East and North Africa,26.820553,30.802498,LS,Lesotho,country,Sub-Saharan Africa,-29.609988,28.233608,2007,3,0,0,0,0,0,0,0,3,0,0,0,0,0,0,0,0,0,0,0,0,0,0,0
FR,France,country,Europe and Central Asia,46.227638,2.213749,LS,Lesotho,country,Sub-Saharan Africa,-29.609988,28.233608,2007,84,15,0,0,0,0,0,0,0,0,0,0,0,69,0,0,0,0,0,0,0,0,0,0
DE,Germany,country,Europe and Central Asia,51.165691,10.451526,LS,Lesotho,country,Sub-Saharan Africa,-29.609988,28.233608,2007,25,18,0,0,0,0,0,0,0,0,0,0,0,7,0,0,0,0,0,0,0,0,0,0
IN,India,country,South Asia,20.593684,78.96288,LS,Lesotho,country,Sub-Saharan Africa,-29.609988,28.233608,2007,145,0,0,0,0,0,0,0,0,145,0,0,0,0,0,0,0,0,0,0,0,0,0,0
IT,Italy,country,Europe and Central Asia,41.87194,12.56738,LS,Lesotho,country,Sub-Saharan Africa,-29.609988,28.233608,2007,76,0,0,0,0,0,0,0,0,0,0,0,0,0,0,76,0,0,0,0,0,0,0,0
MW,Malawi,country,Sub-Saharan Africa,-13.254308,34.301525,LS,Lesotho,country,Sub-Saharan Africa,-29.609988,28.233608,2007,1342,0,0,0,0,0,0,0,0,1342,0,0,0,0,0,0,0,0,0,0,0,0,0,0
NL,Netherlands,country,Europe and Central Asia,52.132633,5.291266,LS,Lesotho,country,Sub-Saharan Africa,-29.609988,28.233608,2007,6,0,0,6,0,0,0,0,0,0,0,0,0,0,0,0,0,0,0,0,0,0,0,0
NZ,New Zealand,country,East Asia and Pacific,-40.900557,174.885971,LS,Lesotho,country,Sub-Saharan Africa,-29.609988,28.233608,2007,0,0,0,0,0,0,0,0,0,0,0,0,0,0,0,0,0,0,0,0,0,0,0,0
PH,Philippines,country,East Asia and Pacific,12.879721,121.774017,LS,Lesotho,country,Sub-Saharan Africa,-29.609988,28.233608,2007,0,0,0,0,0,0,0,0,0,0,0,0,0,0,0,0,0,0,0,0,0,0,0,0
CH,Switzerland,country,Europe and Central Asia,46.818188,8.227512,LS,Lesotho,country,Sub-Saharan Africa,-29.609988,28.233608,2007,20,0,0,0,0,0,0,0,0,0,0,0,0,0,0,0,0,0,20,0,0,0,0,0
TH,Thailand,country,East Asia and Pacific,15.870032,100.992541,LS,Lesotho,country,Sub-Saharan Africa,-29.609988,28.233608,2007,208,20,188,0,0,0,0,0,0,0,0,0,0,0,0,0,0,0,0,0,0,0,0,0
US,USA,country,North America,37.09024,-95.712891,LS,Lesotho,country,Sub-Saharan Africa,-29.609988,28.233608,2007,13732,9684,0,0,3788,0,0,0,0,0,0,0,0,0,260,0,0,0,0,0,0,0,0,0
ZM,Zambia,country,Sub-Saharan Africa,-13.133897,27.849332,LS,Lesotho,country,Sub-Saharan Africa,-29.609988,28.233608,2007,751,96,0,0,0,0,0,0,0,655,0,0,0,0,0,0,0,0,0,0,0,0,0,0
BE,Belgium,country,Europe and Central Asia,50.503887,4.469936,LS,Lesotho,country,Sub-Saharan Africa,-29.609988,28.233608,2008,1651,1651,0,0,0,0,0,0,0,0,0,0,0,0,0,0,0,0,0,0,0,0,0,0
CA,Canada,country,North America,56.130366,-106.346771,LS,Lesotho,country,Sub-Saharan Africa,-29.609988,28.233608,2008,1,0,0,0,1,0,0,0,0,0,0,0,0,0,0,0,0,0,0,0,0,0,0,0
CN,China,country,East Asia and Pacific,35.86166,104.195397,LS,Lesotho,country,Sub-Saharan Africa,-29.609988,28.233608,2008,26,0,0,22,0,0,0,2,0,0,0,0,0,2,0,0,0,0,0,0,0,0,0,0
CZ,Czech Republic,country,Europe and Central Asia,49.817492,15.472962,LS,Lesotho,country,Sub-Saharan Africa,-29.609988,28.233608,2008,2,0,0,0,0,0,0,0,0,0,0,0,0,2,0,0,0,0,0,0,0,0,0,0
FR,France,country,Europe and Central Asia,46.227638,2.213749,LS,Lesotho,country,Sub-Saharan Africa,-29.609988,28.233608,2008,82,10,0,0,0,0,0,0,0,0,0,0,0,72,0,0,0,0,0,0,0,0,0,0
DE,Germany,country,Europe and Central Asia,51.165691,10.451526,LS,Lesotho,country,Sub-Saharan Africa,-29.609988,28.233608,2008,50,2,0,2,0,0,0,0,0,0,0,20,0,17,0,9,0,0,0,0,0,0,0,0
IN,India,country,South Asia,20.593684,78.96288,LS,Lesotho,country,Sub-Saharan Africa,-29.609988,28.233608,2008,2,0,0,0,0,0,0,0,0,0,0,0,0,2,0,0,0,0,0,0,0,0,0,0
IT,Italy,country,Europe and Central Asia,41.87194,12.56738,LS,Lesotho,country,Sub-Saharan Africa,-29.609988,28.233608,2008,77,0,0,0,0,0,0,0,0,0,0,0,1,0,0,76,0,0,0,0,0,0,0,0
MW,Malawi,country,Sub-Saharan Africa,-13.254308,34.301525,LS,Lesotho,country,Sub-Saharan Africa,-29.609988,28.233608,2008,1154,0,0,0,0,0,0,0,0,1154,0,0,0,0,0,0,0,0,0,0,0,0,0,0
NL,Netherlands,country,Europe and Central Asia,52.132633,5.291266,LS,Lesotho,country,Sub-Saharan Africa,-29.609988,28.233608,2008,14,0,0,4,0,0,0,0,0,0,0,0,0,0,0,10,0,0,0,0,0,0,0,0
PL,Poland,country,Europe and Central Asia,51.919438,19.145136,LS,Lesotho,country,Sub-Saharan Africa,-29.609988,28.233608,2008,17,17,0,0,0,0,0,0,0,0,0,0,0,0,0,0,0,0,0,0,0,0,0,0
CH,Switzerland,country,Europe and Central Asia,46.818188,8.227512,LS,Lesotho,country,Sub-Saharan Africa,-29.609988,28.233608,2008,20,0,0,0,0,0,0,0,0,0,0,0,0,0,0,0,0,0,20,0,0,0,0,0
TH,Thailand,country,East Asia and Pacific,15.870032,100.992541,LS,Lesotho,country,Sub-Saharan Africa,-29.609988,28.233608,2008,225,0,225,0,0,0,0,0,0,0,0,0,0,0,0,0,0,0,0,0,0,0,0,0
US,USA,country,North America,37.09024,-95.712891,LS,Lesotho,country,Sub-Saharan Africa,-29.609988,28.233608,2008,0,0,0,0,0,0,0,0,0,0,0,0,0,0,0,0,0,0,0,0,0,0,0,0
ZM,Zambia,country,Sub-Saharan Africa,-13.133897,27.849332,LS,Lesotho,country,Sub-Saharan Africa,-29.609988,28.233608,2008,622,200,0,0,0,0,0,0,0,422,0,0,0,0,0,0,0,0,0,0,0,0,0,0
BE,Belgium,country,Europe and Central Asia,50.503887,4.469936,LS,Lesotho,country,Sub-Saharan Africa,-29.609988,28.233608,2009,2377,2377,0,0,0,0,0,0,0,0,0,0,0,0,0,0,0,0,0,0,0,0,0,0
BW,Botswana,country,Sub-Saharan Africa,-22.328474,24.684866,LS,Lesotho,country,Sub-Saharan Africa,-29.609988,28.233608,2009,89,34,0,0,0,0,0,0,0,0,0,0,0,0,0,55,0,0,0,0,0,0,0,0
CA,Canada,country,North America,56.130366,-106.346771,LS,Lesotho,country,Sub-Saharan Africa,-29.609988,28.233608,2009,275,0,0,0,275,0,0,0,0,0,0,0,0,0,0,0,0,0,0,0,0,0,0,0
CN,China,country,East Asia and Pacific,35.86166,104.195397,LS,Lesotho,country,Sub-Saharan Africa,-29.609988,28.233608,2009,22,0,0,0,0,0,0,0,0,0,0,0,0,22,0,0,0,0,0,0,0,0,0,0
TW,Taiwan,country,East Asia and Pacific,23.69781,120.960515,LS,Lesotho,country,Sub-Saharan Africa,-29.609988,28.233608,2009,58,21,1,0,0,0,1,0,0,0,0,0,0,35,0,0,0,0,0,0,0,0,0,0
CZ,Czech Republic,country,Europe and Central Asia,49.817492,15.472962,LS,Lesotho,country,Sub-Saharan Africa,-29.609988,28.233608,2009,4,0,0,0,0,0,0,0,0,0,0,0,0,4,0,0,0,0,0,0,0,0,0,0
ET,Ethiopia,country,Sub-Saharan Africa,9.145,40.489673,LS,Lesotho,country,Sub-Saharan Africa,-29.609988,28.233608,2009,0,0,0,0,0,0,0,0,0,0,0,0,0,0,0,0,0,0,0,0,0,0,0,0
FR,France,country,Europe and Central Asia,46.227638,2.213749,LS,Lesotho,country,Sub-Saharan Africa,-29.609988,28.233608,2009,11,4,0,0,0,0,0,0,0,0,0,0,0,7,0,0,0,0,0,0,0,0,0,0
DE,Germany,country,Europe and Central Asia,51.165691,10.451526,LS,Lesotho,country,Sub-Saharan Africa,-29.609988,28.233608,2009,51,0,0,1,0,0,0,0,0,0,0,17,0,19,0,14,0,0,0,0,0,0,0,0
IN,India,country,South Asia,20.593684,78.96288,LS,Lesotho,country,Sub-Saharan Africa,-29.609988,28.233608,2009,12,0,0,0,0,0,0,0,0,0,0,0,0,12,0,0,0,0,0,0,0,0,0,0
NL,Netherlands,country,Europe and Central Asia,52.132633,5.291266,LS,Lesotho,country,Sub-Saharan Africa,-29.609988,28.233608,2009,20,10,0,0,0,0,0,0,0,0,0,0,0,0,0,10,0,0,0,0,0,0,0,0
PL,Poland,country,Europe and Central Asia,51.919438,19.145136,LS,Lesotho,country,Sub-Saharan Africa,-29.609988,28.233608,2009,17,17,0,0,0,0,0,0,0,0,0,0,0,0,0,0,0,0,0,0,0,0,0,0
TH,Thailand,country,East Asia and Pacific,15.870032,100.992541,LS,Lesotho,country,Sub-Saharan Africa,-29.609988,28.233608,2009,190,0,190,0,0,0,0,0,0,0,0,0,0,0,0,0,0,0,0,0,0,0,0,0
UG,Uganda,country,Sub-Saharan Africa,1.373333,32.290275,LS,Lesotho,country,Sub-Saharan Africa,-29.609988,28.233608,2009,13,0,0,0,0,0,0,0,0,0,0,0,13,0,0,0,0,0,0,0,0,0,0,0
US,USA,country,North America,37.09024,-95.712891,LS,Lesotho,country,Sub-Saharan Africa,-29.609988,28.233608,2009,75,0,0,0,0,0,0,75,0,0,0,0,0,0,0,0,0,0,0,0,0,0,0,0
ZM,Zambia,country,Sub-Saharan Africa,-13.133897,27.849332,LS,Lesotho,country,Sub-Saharan Africa,-29.609988,28.233608,2009,274,30,0,0,0,0,0,0,0,244,0,0,0,0,0,0,0,0,0,0,0,0,0,0
ZW,Zimbabwe,country,Sub-Saharan Africa,-19.015438,29.154857,LS,Lesotho,country,Sub-Saharan Africa,-29.609988,28.233608,2009,6265,0,0,0,0,0,0,0,0,6253,0,0,0,12,0,0,0,0,0,0,0,0,0,0
BE,Belgium,country,Europe and Central Asia,50.503887,4.469936,LS,Lesotho,country,Sub-Saharan Africa,-29.609988,28.233608,2010,2907,2907,0,0,0,0,0,0,0,0,0,0,0,0,0,0,0,0,0,0,0,0,0,0
BW,Botswana,country,Sub-Saharan Africa,-22.328474,24.684866,LS,Lesotho,country,Sub-Saharan Africa,-29.609988,28.233608,2010,389,273,0,0,0,0,0,0,0,0,0,0,0,0,0,116,0,0,0,0,0,0,0,0
CN,China,country,East Asia and Pacific,35.86166,104.195397,LS,Lesotho,country,Sub-Saharan Africa,-29.609988,28.233608,2010,7,0,0,0,0,0,0,0,0,0,0,0,0,7,0,0,0,0,0,0,0,0,0,0
TW,Taiwan,country,East Asia and Pacific,23.69781,120.960515,LS,Lesotho,country,Sub-Saharan Africa,-29.609988,28.233608,2010,25,0,0,0,0,0,1,0,0,0,0,0,0,24,0,0,0,0,0,0,0,0,0,0
CZ,Czech Republic,country,Europe and Central Asia,49.817492,15.472962,LS,Lesotho,country,Sub-Saharan Africa,-29.609988,28.233608,2010,3,0,0,0,0,0,0,0,0,0,0,0,0,3,0,0,0,0,0,0,0,0,0,0
FR,France,country,Europe and Central Asia,46.227638,2.213749,LS,Lesotho,country,Sub-Saharan Africa,-29.609988,28.233608,2010,36,0,0,0,0,0,0,0,0,0,0,0,0,36,0,0,0,0,0,0,0,0,0,0
DE,Germany,country,Europe and Central Asia,51.165691,10.451526,LS,Lesotho,country,Sub-Saharan Africa,-29.609988,28.233608,2010,29,27,0,0,0,0,0,0,0,0,0,0,0,2,0,0,0,0,0,0,0,0,0,0
IN,India,country,South Asia,20.593684,78.96288,LS,Lesotho,country,Sub-Saharan Africa,-29.609988,28.233608,2010,4,0,0,0,0,0,0,0,0,0,0,0,0,4,0,0,0,0,0,0,0,0,0,0
IE,Ireland,country,Europe and Central Asia,53.41291,-8.24389,LS,Lesotho,country,Sub-Saharan Africa,-29.609988,28.233608,2010,0,0,0,0,0,0,0,0,0,0,0,0,0,0,0,0,0,0,0,0,0,0,0,0
MW,Malawi,country,Sub-Saharan Africa,-13.254308,34.301525,LS,Lesotho,country,Sub-Saharan Africa,-29.609988,28.233608,2010,207,0,0,0,0,0,0,0,0,207,0,0,0,0,0,0,0,0,0,0,0,0,0,0
SI,Slovenia,country,Europe and Central Asia,46.151241,14.995463,LS,Lesotho,country,Sub-Saharan Africa,-29.609988,28.233608,2010,5,0,0,0,0,0,0,0,0,0,0,0,0,5,0,0,0,0,0,0,0,0,0,0
TH,Thailand,country,East Asia and Pacific,15.870032,100.992541,LS,Lesotho,country,Sub-Saharan Africa,-29.609988,28.233608,2010,225,0,225,0,0,0,0,0,0,0,0,0,0,0,0,0,0,0,0,0,0,0,0,0
ZM,Zambia,country,Sub-Saharan Africa,-13.133897,27.849332,LS,Lesotho,country,Sub-Saharan Africa,-29.609988,28.233608,2010,213,0,0,0,0,0,0,0,0,213,0,0,0,0,0,0,0,0,0,0,0,0,0,0
ZW,Zimbabwe,country,Sub-Saharan Africa,-19.015438,29.154857,LS,Lesotho,country,Sub-Saharan Africa,-29.609988,28.233608,2010,4198,0,0,0,0,0,0,0,0,4174,0,0,0,24,0,0,0,0,0,0,0,0,0,0
BE,Belgium,country,Europe and Central Asia,50.503887,4.469936,LS,Lesotho,country,Sub-Saharan Africa,-29.609988,28.233608,2011,4043,4043,0,0,0,0,0,0,0,0,0,0,0,0,0,0,0,0,0,0,0,0,0,0
BW,Botswana,country,Sub-Saharan Africa,-22.328474,24.684866,LS,Lesotho,country,Sub-Saharan Africa,-29.609988,28.233608,2011,60,16,0,0,0,0,0,0,0,0,0,0,0,0,0,1,0,43,0,0,0,0,0,0
CN,China,country,East Asia and Pacific,35.86166,104.195397,LS,Lesotho,country,Sub-Saharan Africa,-29.609988,28.233608,2011,10,0,0,0,0,0,0,0,0,0,0,0,0,10,0,0,0,0,0,0,0,0,0,0
TW,Taiwan,country,East Asia and Pacific,23.69781,120.960515,LS,Lesotho,country,Sub-Saharan Africa,-29.609988,28.233608,2011,8,3,0,0,0,0,1,1,0,0,0,0,0,3,0,0,0,0,0,0,0,0,0,0
CZ,Czech Republic,country,Europe and Central Asia,49.817492,15.472962,LS,Lesotho,country,Sub-Saharan Africa,-29.609988,28.233608,2011,2,0,0,0,0,0,0,0,0,0,0,0,0,2,0,0,0,0,0,0,0,0,0,0
DE,Germany,country,Europe and Central Asia,51.165691,10.451526,LS,Lesotho,country,Sub-Saharan Africa,-29.609988,28.233608,2011,27,27,0,0,0,0,0,0,0,0,0,0,0,0,0,0,0,0,0,0,0,0,0,0
IN,India,country,South Asia,20.593684,78.96288,LS,Lesotho,country,Sub-Saharan Africa,-29.609988,28.233608,2011,14,0,0,0,0,0,0,0,0,0,0,0,0,14,0,0,0,0,0,0,0,0,0,0
MW,Malawi,country,Sub-Saharan Africa,-13.254308,34.301525,LS,Lesotho,country,Sub-Saharan Africa,-29.609988,28.233608,2011,500,0,0,0,0,0,0,0,0,500,0,0,0,0,0,0,0,0,0,0,0,0,0,0
US,USA,country,North America,37.09024,-95.712891,LS,Lesotho,country,Sub-Saharan Africa,-29.609988,28.233608,2011,1817,0,0,0,0,0,0,0,0,1808,0,0,9,0,0,0,0,0,0,0,0,0,0,0
ZM,Zambia,country,Sub-Saharan Africa,-13.133897,27.849332,LS,Lesotho,country,Sub-Saharan Africa,-29.609988,28.233608,2011,465,0,0,0,0,0,0,0,0,465,0,0,0,0,0,0,0,0,0,0,0,0,0,0
ZW,Zimbabwe,country,Sub-Saharan Africa,-19.015438,29.154857,LS,Lesotho,country,Sub-Saharan Africa,-29.609988,28.233608,2011,1181,0,0,0,0,0,0,0,0,1169,0,0,0,12,0,0,0,0,0,0,0,0,0,0
BE,Belgium,country,Europe and Central Asia,50.503887,4.469936,LS,Lesotho,country,Sub-Saharan Africa,-29.609988,28.233608,2012,2666,2666,0,0,0,0,0,0,0,0,0,0,0,0,0,0,0,0,0,0,0,0,0,0
BW,Botswana,country,Sub-Saharan Africa,-22.328474,24.684866,LS,Lesotho,country,Sub-Saharan Africa,-29.609988,28.233608,2012,88,64,0,0,19,0,0,0,0,0,0,0,0,0,1,0,0,2,2,0,0,0,0,0
CN,China,country,East Asia and Pacific,35.86166,104.195397,LS,Lesotho,country,Sub-Saharan Africa,-29.609988,28.233608,2012,26,5,0,0,0,0,0,0,0,0,0,0,0,21,0,0,0,0,0,0,0,0,0,0
TW,Taiwan,country,East Asia and Pacific,23.69781,120.960515,LS,Lesotho,country,Sub-Saharan Africa,-29.609988,28.233608,2012,115,1,110,0,0,0,1,1,0,0,0,0,0,2,0,0,0,0,0,0,0,0,0,0
CZ,Czech Republic,country,Europe and Central Asia,49.817492,15.472962,LS,Lesotho,country,Sub-Saharan Africa,-29.609988,28.233608,2012,4,0,0,0,0,0,0,0,0,0,0,0,0,4,0,0,0,0,0,0,0,0,0,0
FR,France,country,Europe and Central Asia,46.227638,2.213749,LS,Lesotho,country,Sub-Saharan Africa,-29.609988,28.233608,2012,6,3,0,0,0,0,0,0,0,0,0,1,0,2,0,0,0,0,0,0,0,0,0,0
DE,Germany,country,Europe and Central Asia,51.165691,10.451526,LS,Lesotho,country,Sub-Saharan Africa,-29.609988,28.233608,2012,23,14,0,0,0,0,0,0,0,0,0,0,0,9,0,0,0,0,0,0,0,0,0,0
HU,Hungary,country,Europe and Central Asia,47.162494,19.503304,LS,Lesotho,country,Sub-Saharan Africa,-29.609988,28.233608,2012,0,0,0,0,0,0,0,0,0,0,0,0,0,0,0,0,0,0,0,0,0,0,0,0
IN,India,country,South Asia,20.593684,78.96288,LS,Lesotho,country,Sub-Saharan Africa,-29.609988,28.233608,2012,10,0,0,0,0,0,0,0,0,0,0,0,0,10,0,0,0,0,0,0,0,0,0,0
IT,Italy,country,Europe and Central Asia,41.87194,12.56738,LS,Lesotho,country,Sub-Saharan Africa,-29.609988,28.233608,2012,6,0,0,0,0,0,0,0,0,0,0,0,0,6,0,0,0,0,0,0,0,0,0,0
NA,Namibia,country,Sub-Saharan Africa,-22.95764,18.49041,LS,Lesotho,country,Sub-Saharan Africa,-29.609988,28.233608,2012,411,0,1,0,0,0,0,0,0,0,0,0,0,0,0,410,0,0,0,0,0,0,0,0
ZA,S. Africa,country,Sub-Saharan Africa,-30.559482,22.937506,LS,Lesotho,country,Sub-Saharan Africa,-29.609988,28.233608,2012,396,396,0,0,0,0,0,0,0,0,0,0,0,0,0,0,5,0,0,0,0,0,0,0
LK,Sri Lanka,country,South Asia,7.873054,80.771797,LS,Lesotho,country,Sub-Saharan Africa,-29.609988,28.233608,2012,40,0,0,0,0,0,0,0,0,0,0,0,0,40,0,0,0,0,0,0,0,0,0,0
US,USA,country,North America,37.09024,-95.712891,LS,Lesotho,country,Sub-Saharan Africa,-29.609988,28.233608,2012,4492,0,0,0,0,0,0,0,0,4492,0,0,0,0,0,0,0,0,0,0,0,0,0,0
ZM,Zambia,country,Sub-Saharan Africa,-13.133897,27.849332,LS,Lesotho,country,Sub-Saharan Africa,-29.609988,28.233608,2012,14843,0,0,0,0,0,0,0,0,14843,0,0,0,0,0,0,0,0,0,0,0,0,0,0
ZW,Zimbabwe,country,Sub-Saharan Africa,-19.015438,29.154857,LS,Lesotho,country,Sub-Saharan Africa,-29.609988,28.233608,2012,244,0,0,0,0,0,0,0,0,244,0,0,0,0,0,0,0,0,0,0,0,0,0,0
BB,Barbados,country,Latin America and the Caribbean,13.193887,-59.543198,LS,Lesotho,country,Sub-Saharan Africa,-29.609988,28.233608,2013,0,0,0,0,0,0,0,0,0,0,0,0,0,0,0,0,0,0,0,0,0,0,0,0
BE,Belgium,country,Europe and Central Asia,50.503887,4.469936,LS,Lesotho,country,Sub-Saharan Africa,-29.609988,28.233608,2013,913,913,0,0,0,0,0,0,0,0,0,0,0,0,0,0,0,0,0,0,0,0,0,0
BW,Botswana,country,Sub-Saharan Africa,-22.328474,24.684866,LS,Lesotho,country,Sub-Saharan Africa,-29.609988,28.233608,2013,514,0,0,0,0,0,0,0,0,0,0,0,0,0,0,514,0,0,0,0,0,0,0,0
CA,Canada,country,North America,56.130366,-106.346771,LS,Lesotho,country,Sub-Saharan Africa,-29.609988,28.233608,2013,5,0,0,0,0,0,0,1,0,0,0,0,0,0,0,0,0,4,0,0,0,0,0,0
CN,China,country,East Asia and Pacific,35.86166,104.195397,LS,Lesotho,country,Sub-Saharan Africa,-29.609988,28.233608,2013,49,0,0,0,0,0,0,0,0,0,0,0,0,49,0,0,0,0,0,0,0,0,0,0
TW,Taiwan,country,East Asia and Pacific,23.69781,120.960515,LS,Lesotho,country,Sub-Saharan Africa,-29.609988,28.233608,2013,3,0,0,0,0,0,1,0,0,0,0,0,0,2,0,0,0,0,0,0,0,0,0,0
CZ,Czech Republic,country,Europe and Central Asia,49.817492,15.472962,LS,Lesotho,country,Sub-Saharan Africa,-29.609988,28.233608,2013,3,0,0,0,0,0,0,0,0,0,0,0,0,3,0,0,0,0,0,0,0,0,0,0
DK,Denmark,country,Europe and Central Asia,56.26392,9.501785,LS,Lesotho,country,Sub-Saharan Africa,-29.609988,28.233608,2013,0,0,0,0,0,0,0,0,0,0,0,0,0,0,0,0,0,0,0,0,0,0,0,0
EG,Egypt,country,Middle East and North Africa,26.820553,30.802498,LS,Lesotho,country,Sub-Saharan Africa,-29.609988,28.233608,2013,0,0,0,0,0,0,0,0,0,0,0,0,0,0,0,0,0,0,0,0,0,0,0,0
FR,France,country,Europe and Central Asia,46.227638,2.213749,LS,Lesotho,country,Sub-Saharan Africa,-29.609988,28.233608,2013,6,5,0,0,0,0,0,0,0,0,0,1,0,0,0,0,0,0,0,0,0,0,0,0
DE,Germany,country,Europe and Central Asia,51.165691,10.451526,LS,Lesotho,country,Sub-Saharan Africa,-29.609988,28.233608,2013,40,28,0,0,0,0,0,0,0,0,0,0,0,12,0,0,0,0,0,0,0,0,0,0
HU,Hungary,country,Europe and Central Asia,47.162494,19.503304,LS,Lesotho,country,Sub-Saharan Africa,-29.609988,28.233608,2013,0,0,0,0,0,0,0,0,0,0,0,0,0,0,0,0,0,0,0,0,0,0,0,0
IT,Italy,country,Europe and Central Asia,41.87194,12.56738,LS,Lesotho,country,Sub-Saharan Africa,-29.609988,28.233608,2013,510,510,0,0,0,0,0,0,0,0,0,0,0,0,0,0,0,0,0,0,0,0,0,0
MY,Malaysia,country,East Asia and Pacific,4.210484,101.975766,LS,Lesotho,country,Sub-Saharan Africa,-29.609988,28.233608,2013,20,0,0,0,0,0,0,0,0,0,0,0,6,14,0,0,0,0,0,0,0,0,0,0
NA,Namibia,country,Sub-Saharan Africa,-22.95764,18.49041,LS,Lesotho,country,Sub-Saharan Africa,-29.609988,28.233608,2013,605,0,0,0,0,0,0,0,0,0,0,0,0,0,0,605,0,0,0,0,0,0,0,0
PH,Philippines,country,East Asia and Pacific,12.879721,121.774017,LS,Lesotho,country,Sub-Saharan Africa,-29.609988,28.233608,2013,11,0,0,0,0,0,0,0,0,0,0,0,0,11,0,0,0,0,0,0,0,0,0,0
ZA,S. Africa,country,Sub-Saharan Africa,-30.559482,22.937506,LS,Lesotho,country,Sub-Saharan Africa,-29.609988,28.233608,2013,625988,296805,6347,61754,3099,79,1160,18113,26459,3050,1571,19079,1086,100765,11092,22451,3393,31831,21244,3,0,0,0,0
GB,United Kingdom,country,Europe and Central Asia,55.378051,-3.435973,LS,Lesotho,country,Sub-Saharan Africa,-29.609988,28.233608,2013,0,0,0,0,0,0,0,0,0,0,0,0,0,0,0,0,0,0,0,0,0,0,0,0
US,USA,country,North America,37.09024,-95.712891,LS,Lesotho,country,Sub-Saharan Africa,-29.609988,28.233608,2013,0,0,0,0,0,0,0,0,0,0,0,0,0,0,0,0,0,0,0,0,0,0,0,0
ZM,Zambia,country,Sub-Saharan Africa,-13.133897,27.849332,LS,Lesotho,country,Sub-Saharan Africa,-29.609988,28.233608,2013,2952,0,0,0,0,0,29,0,0,2923,0,0,0,0,0,0,0,0,0,0,0,0,0,0
ZW,Zimbabwe,country,Sub-Saharan Africa,-19.015438,29.154857,LS,Lesotho,country,Sub-Saharan Africa,-29.609988,28.233608,2013,0,0,0,0,0,0,0,0,0,0,0,0,0,0,0,0,0,0,0,0,0,0,0,0
