countryCode,countryName,year,totalTons
DZ,Algeria,1986,37609
AR,Argentina,1986,19287419
AU,Australia,1986,39301918
AT,Austria,1986,962738
BS,Bahamas,1986,4145
BD,Bangladesh,1986,40652
BB,Barbados,1986,96930
BE,Belgium,1986,12023253
BZ,Belize,1986,142429
BR,Brazil,1986,10541208
BN,Brunei,1986,11457
BG,Bulgaria,1986,1103784
CV,Cape Verde,1986,7586
CM,Cameroon,1986,238374
CA,Canada,1986,28980316
CL,Chile,1986,1028177
HK,Hong Kong,1986,1306527
MO,"Macao SAR, China",1986,19090
TW,Taiwan,1986,1398849
CO,Colombia,1986,1846416
CR,Costa Rica,1986,865579
CU,Cuba,1986,7828884
CY,Cyprus,1986,330484
DK,Denmark,1986,4001797
EG,Egypt,1986,611898
FO,Faroe Islands,1986,65177
FJ,Fiji,1986,472926
FI,Finland,1986,923771
FR,France,1986,37997061
GF,French Guiana,1986,2604
GR,Greece,1986,2941241
GL,Greenland,1986,116
GP,Guadeloupe,1986,222864
GT,Guatemala,1986,1152712
HN,Honduras,1986,1072972
HU,Hungary,1986,4374143
IS,Iceland,1986,20538
IN,India,1986,3124543
ID,Indonesia,1986,3768030
IE,Ireland,1986,1926231
IL,Israel,1986,955356
IT,Italy,1986,7165528
JM,Jamaica,1986,237123
JP,Japan,1986,12290218
JO,Jordan,1986,415352
KE,Kenya,1986,622251
KI,Kiribati,1986,3278
KW,Kuwait,1986,37806
MW,Malawi,1986,320352
MY,Malaysia,1986,7894375
MX,Mexico,1986,3241257
MA,Morocco,1986,892477
NL,Netherlands,1986,12283360
NZ,New Zealand,1986,2797552
NG,Nigeria,1986,241442
NO,Norway,1986,324410
OM,Oman,1986,39672
PA,Panama,1986,544050
PG,Papua New Guinea,1986,341322
PY,Paraguay,1986,974884
PE,Peru,1986,192431
PH,Philippines,1986,4028217
PL,Poland,1986,1446974
PT,Portugal,1986,705576
KR,South Korea,1986,496110
RE,R??union,1986,229619
SA,Saudi Arabia,1986,885025
SN,Senegal,1986,230883
SG,Singapore,1986,2048065
SB,Solomon Islands,1986,46289
ES,Spain,1986,7343727
LK,Sri Lanka,1986,533684
SE,Sweden,1986,1698926
CH,Switzerland,1986,381952
SY,Syria,1986,213352
TH,Thailand,1986,18830031
TO,Tonga,1986,14473
TT,Trinidad and Tobago,1986,979241
TR,Turkey,1986,3534513
GB,United Kingdom,1986,10569168
US,United States,1986,105735763
UY,Uruguay,1986,840789
RU,Russia,1986,3392603
VE,Venezuela,1986,161396
BA,Bosnia and Herzegovina,1986,5136698
ZW,Zimbabwe,1986,946693
DZ,Algeria,1987,56351
AR,Argentina,1987,18987477
AU,Australia,1987,24899419
AT,Austria,1987,1188525
BB,Barbados,1987,81993
BE,Belgium,1987,10004107
BR,Brazil,1987,18157092
BG,Bulgaria,1987,1335626
CM,Cameroon,1987,199285
CA,Canada,1987,35982043
CL,Chile,1987,1097335
HK,Hong Kong,1987,1384143
MO,"Macao SAR, China",1987,27130
CN,China,1987,14047721
TW,Taiwan,1987,1334177
CO,Colombia,1987,1666578
CR,Costa Rica,1987,999190
CU,Cuba,1987,6719140
CY,Cyprus,1987,900267
DK,Denmark,1987,3744505
EG,Egypt,1987,984953
ET,Ethiopia,1987,136246
FJ,Fiji,1987,570069
FI,Finland,1987,558421
FR,France,1987,45943949
GF,French Guiana,1987,4195
GR,Greece,1987,3085193
GD,Grenada,1987,20607
GP,Guadeloupe,1987,128894
GT,Guatemala,1987,1351967
HN,Honduras,1987,1332217
HU,Hungary,1987,4028911
IS,Iceland,1987,24851
IN,India,1987,2762788
ID,Indonesia,1987,4376083
IE,Ireland,1987,2267465
IL,Israel,1987,653866
IT,Italy,1987,6873766
JP,Japan,1987,11177441
JO,Jordan,1987,455063
KE,Kenya,1987,678018
KI,Kiribati,1987,4437
MW,Malawi,1987,208166
MY,Malaysia,1987,9837062
MT,Malta,1987,12302
MX,Mexico,1987,4191968
MA,Morocco,1987,777322
NL,Netherlands,1987,15017132
NZ,New Zealand,1987,2697429
NO,Norway,1987,353671
OM,Oman,1987,47736
PA,Panama,1987,617496
PG,Papua New Guinea,1987,306339
PY,Paraguay,1987,1366632
PE,Peru,1987,154368
PH,Philippines,1987,3563098
PL,Poland,1987,1852568
PT,Portugal,1987,684823
KR,South Korea,1987,607782
RE,R??union,1987,219391
SA,Saudi Arabia,1987,1634467
SN,Senegal,1987,267586
SG,Singapore,1987,2835220
SB,Solomon Islands,1987,40351
ES,Spain,1987,7611323
LK,Sri Lanka,1987,419966
SE,Sweden,1987,1636411
CH,Switzerland,1987,373661
SY,Syria,1987,150714
TH,Thailand,1987,16418149
TO,Tonga,1987,8299
TT,Trinidad and Tobago,1987,326139
TN,Tunisia,1987,205421
TR,Turkey,1987,11136828
GB,United Kingdom,1987,10919119
US,United States,1987,128986363
UY,Uruguay,1987,617423
RU,Russia,1987,3552122
VE,Venezuela,1987,158760
BA,Bosnia and Herzegovina,1987,3580102
ZW,Zimbabwe,1987,1017627
DZ,Algeria,1988,35812
AR,Argentina,1988,22484492
AU,Australia,1988,25191281
AT,Austria,1988,1587716
BB,Barbados,1988,80930
BE,Belgium,1988,9521585
BO,Bolivia,1988,116840
BR,Brazil,1988,17846922
BG,Bulgaria,1988,1887628
CM,Cameroon,1988,263612
CA,Canada,1988,31321277
CL,Chile,1988,1283797
HK,Hong Kong,1988,1549764
CN,China,1988,16962351
TW,Taiwan,1988,1155995
CO,Colombia,1988,1766320
CR,Costa Rica,1988,1088576
DK,Denmark,1988,3766862
EC,Ecuador,1988,1564848
EG,Egypt,1988,815939
ET,Ethiopia,1988,140713
FJ,Fiji,1988,555374
FI,Finland,1988,251192
FR,France,1988,45081150
GF,French Guiana,1988,5030
GR,Greece,1988,1641718
GL,Greenland,1988,134
GD,Grenada,1988,20528
GP,Guadeloupe,1988,230399
GT,Guatemala,1988,1464368
HN,Honduras,1988,1269232
HU,Hungary,1988,5306229
IS,Iceland,1988,65622
IN,India,1988,2804161
ID,Indonesia,1988,4540987
IE,Ireland,1988,2296600
IT,Italy,1988,7848523
JM,Jamaica,1988,259117
JP,Japan,1988,563223
JO,Jordan,1988,378235
KE,Kenya,1988,583877
MW,Malawi,1988,265709
MY,Malaysia,1988,7916765
MT,Malta,1988,12058
MX,Mexico,1988,4489046
MA,Morocco,1988,1193863
NL,Netherlands,1988,17148956
NZ,New Zealand,1988,2623888
NO,Norway,1988,329899
OM,Oman,1988,64902
PA,Panama,1988,436153
PG,Papua New Guinea,1988,307898
PY,Paraguay,1988,1670
PE,Peru,1988,152283
PH,Philippines,1988,3200732
PT,Portugal,1988,551495
KR,South Korea,1988,730963
RE,R??union,1988,224733
SN,Senegal,1988,448960
SG,Singapore,1988,3351577
ES,Spain,1988,8390912
LK,Sri Lanka,1988,401025
SR,Suriname,1988,110347
SE,Sweden,1988,1158321
CH,Switzerland,1988,408863
SY,Syria,1988,343217
TH,Thailand,1988,18238533
TO,Tonga,1988,5043
TT,Trinidad and Tobago,1988,151599
TN,Tunisia,1988,152558
TR,Turkey,1988,33262231
GB,United Kingdom,1988,7951900
US,United States,1988,144792151
UY,Uruguay,1988,758291
RU,Russia,1988,3487155
VE,Venezuela,1988,159700
BA,Bosnia and Herzegovina,1988,3252689
DZ,Algeria,1989,84479
AR,Argentina,1989,17877707
AU,Australia,1989,20646951
AT,Austria,1989,1327978
BB,Barbados,1989,63415
BE,Belgium,1989,10542893
BO,Bolivia,1989,266175
BR,Brazil,1989,20130623
CM,Cameroon,1989,510169
CA,Canada,1989,23717752
CL,Chile,1989,1430001
HK,Hong Kong,1989,1663766
MO,"Macao SAR, China",1989,23372
CN,China,1989,15447605
TW,Taiwan,1989,1048580
CO,Colombia,1989,1882890
CR,Costa Rica,1989,1324528
CY,Cyprus,1989,331867
DK,Denmark,1989,4019937
EC,Ecuador,1989,1792571
EG,Egypt,1989,756739
ET,Ethiopia,1989,139269
FO,Faroe Islands,1989,199
FJ,Fiji,1989,523637
FI,Finland,1989,627508
FR,France,1989,49441438
GF,French Guiana,1989,7829
GR,Greece,1989,3208822
GL,Greenland,1989,323
GD,Grenada,1989,17156
GP,Guadeloupe,1989,165835
HN,Honduras,1989,1064552
IS,Iceland,1989,84297
IN,India,1989,4277672
ID,Indonesia,1989,5473724
IE,Ireland,1989,2416267
IL,Israel,1989,758867
IT,Italy,1989,8652061
JP,Japan,1989,607645
JO,Jordan,1989,528995
KI,Kiribati,1989,8607
MW,Malawi,1989,163261
MY,Malaysia,1989,9237979
MX,Mexico,1989,4188920
MA,Morocco,1989,990416
NL,Netherlands,1989,18356539
NZ,New Zealand,1989,2627398
NO,Norway,1989,298518
OM,Oman,1989,80254
PK,Pakistan,1989,966024
PA,Panama,1989,438245
PG,Papua New Guinea,1989,353542
PY,Paraguay,1989,2484686
PE,Peru,1989,183062
PH,Philippines,1989,3418826
PT,Portugal,1989,547737
KR,South Korea,1989,747980
RE,R??union,1989,238468
RO,Romania,1989,770569
SN,Senegal,1989,390367
SG,Singapore,1989,3471817
ES,Spain,1989,9676254
LK,Sri Lanka,1989,420473
SR,Suriname,1989,75459
SE,Sweden,1989,1128376
CH,Switzerland,1989,472620
SY,Syria,1989,542253
TH,Thailand,1989,22446392
TO,Tonga,1989,7219
TT,Trinidad and Tobago,1989,154838
TN,Tunisia,1989,152845
TR,Turkey,1989,3276173
GB,United Kingdom,1989,10132431
US,United States,1989,150294530
UY,Uruguay,1989,954516
RU,Russia,1989,2713138
VE,Venezuela,1989,201730
BA,Bosnia and Herzegovina,1989,3505095
DZ,Algeria,1990,40777
AR,Argentina,1990,25895451
AU,Australia,1990,22361492
AT,Austria,1990,1673965
BB,Barbados,1990,68909
BE,Belgium,1990,11243578
BO,Bolivia,1990,307891
BW,Botswana,1990,57110
BR,Brazil,1990,19430059
CM,Cameroon,1990,428340
CA,Canada,1990,30678263
CL,Chile,1990,1624952
HK,Hong Kong,1990,1664619
MO,"Macao SAR, China",1990,19942
CN,China,1990,15143063
TW,Taiwan,1990,969241
CO,Colombia,1990,2251587
CY,Cyprus,1990,344847
DK,Denmark,1990,5645908
EC,Ecuador,1990,2273234
EG,Egypt,1990,828608
ET,Ethiopia,1990,141268
FJ,Fiji,1990,501434
FI,Finland,1990,830291
FR,France,1990,50164660
GR,Greece,1990,2398157
GL,Greenland,1990,119
GD,Grenada,1990,17424
GT,Guatemala,1990,1448638
IS,Iceland,1990,24613
IN,India,1990,4643933
ID,Indonesia,1990,5629312
IE,Ireland,1990,2359201
IT,Italy,1990,7602121
JP,Japan,1990,610071
JO,Jordan,1990,559103
KE,Kenya,1990,475427
KI,Kiribati,1990,3572
LY,Libya,1990,56888
MG,Madagascar,1990,173886
MY,Malaysia,1990,10137702
MT,Malta,1990,17201
MU,Mauritius,1990,761983
MX,Mexico,1990,3422158
NL,Netherlands,1990,19635004
NZ,New Zealand,1990,2557939
NO,Norway,1990,254836
OM,Oman,1990,56771
PK,Pakistan,1990,2518322
PA,Panama,1990,486897
PG,Papua New Guinea,1990,294719
PY,Paraguay,1990,2401381
PE,Peru,1990,118362
PH,Philippines,1990,3910154
PT,Portugal,1990,586448
KR,South Korea,1990,729903
RO,Romania,1990,44308
SN,Senegal,1990,423858
SC,Seychelles,1990,1010
SG,Singapore,1990,2237833
ES,Spain,1990,7157766
LK,Sri Lanka,1990,419405
SR,Suriname,1990,63264
SE,Sweden,1990,1859773
CH,Switzerland,1990,448099
TH,Thailand,1990,18779889
TT,Trinidad and Tobago,1990,163185
TN,Tunisia,1990,291792
TR,Turkey,1990,2478876
GB,United Kingdom,1990,10872744
US,United States,1990,137278206
UY,Uruguay,1990,1027273
VE,Venezuela,1990,330198
BA,Bosnia and Herzegovina,1990,2592088
ZW,Zimbabwe,1990,1240928
DZ,Algeria,1991,43782
AR,Argentina,1991,29624483
AU,Australia,1991,22314813
AT,Austria,1991,1668753
BB,Barbados,1991,62892
BE,Belgium,1991,14710676
BO,Bolivia,1991,412454
BW,Botswana,1991,61581
BR,Brazil,1991,17401872
CM,Cameroon,1991,237910
CA,Canada,1991,37130213
CL,Chile,1991,1830501
HK,Hong Kong,1991,2042263
MO,"Macao SAR, China",1991,26118
CN,China,1991,21522932
TW,Taiwan,1991,1139928
CO,Colombia,1991,2925978
CR,Costa Rica,1991,2096050
DK,Denmark,1991,7145839
DJ,Djibouti,1991,1713
EC,Ecuador,1991,2959751
EG,Egypt,1991,974608
SV,El Salvador,1991,323701
ET,Ethiopia,1991,86697
FO,Faroe Islands,1991,178
FJ,Fiji,1991,695260
FI,Finland,1991,1450628
FR,France,1991,55422189
GF,French Guiana,1991,9370
DE,Germany,1991,32385998
GR,Greece,1991,3819279
GL,Greenland,1991,128
GD,Grenada,1991,18894
GP,Guadeloupe,1991,173311
GT,Guatemala,1991,1808546
HN,Honduras,1991,1210316
HU,Hungary,1991,5331376
IS,Iceland,1991,21059
IN,India,1991,6199996
ID,Indonesia,1991,6791042
IE,Ireland,1991,2519364
IT,Italy,1991,8597765
JP,Japan,1991,612978
JO,Jordan,1991,439305
KE,Kenya,1991,586189
KW,Kuwait,1991,5337
LY,Libya,1991,32974
MG,Madagascar,1991,152711
MY,Malaysia,1991,10053344
MT,Malta,1991,16787
MU,Mauritius,1991,698449
MX,Mexico,1991,4009589
MA,Morocco,1991,1243168
NL,Netherlands,1991,24829545
NZ,New Zealand,1991,2822451
NI,Nicaragua,1991,367542
NO,Norway,1991,274189
OM,Oman,1991,63176
PK,Pakistan,1991,2794655
PA,Panama,1991,826937
PG,Papua New Guinea,1991,362983
PY,Paraguay,1991,1581607
PE,Peru,1991,273448
PH,Philippines,1991,3915704
PT,Portugal,1991,783374
QA,Qatar,1991,19208
KR,South Korea,1991,666167
RE,R??union,1991,176047
RO,Romania,1991,319552
SN,Senegal,1991,267081
SC,Seychelles,1991,725
SG,Singapore,1991,3121664
ES,Spain,1991,9438152
LK,Sri Lanka,1991,545320
SR,Suriname,1991,51683
SE,Sweden,1991,2465144
CH,Switzerland,1991,574511
TH,Thailand,1991,19428617
TT,Trinidad and Tobago,1991,179759
TN,Tunisia,1991,303409
TR,Turkey,1991,7042773
GB,United Kingdom,1991,11494162
US,United States,1991,135402697
UY,Uruguay,1991,940864
VE,Venezuela,1991,254099
ZW,Zimbabwe,1991,898414
DZ,Algeria,1992,29080
AR,Argentina,1992,30368502
AU,Australia,1992,18979263
AT,Austria,1992,1942329
BB,Barbados,1992,68453
BE,Belgium,1992,14539076
BZ,Belize,1992,182697
BJ,Benin,1992,121578
BO,Bolivia,1992,327186
BW,Botswana,1992,54327
BR,Brazil,1992,21234221
CA,Canada,1992,31333954
CL,Chile,1992,1971287
HK,Hong Kong,1992,1979875
CN,China,1992,23729444
TW,Taiwan,1992,996963
CO,Colombia,1992,3122765
CR,Costa Rica,1992,1893742
HR,Croatia,1992,795792
DK,Denmark,1992,6105063
EC,Ecuador,1992,2963841
EG,Egypt,1992,889093
SV,El Salvador,1992,439678
ET,Ethiopia,1992,70266
FI,Finland,1992,1082827
FR,France,1992,55406980
GF,French Guiana,1992,16729
DE,Germany,1992,32073946
GR,Greece,1992,4201833
GL,Greenland,1992,55
GP,Guadeloupe,1992,179939
GT,Guatemala,1992,2129298
HN,Honduras,1992,1035041
HU,Hungary,1992,4236805
IS,Iceland,1992,13209
IN,India,1992,6000357
ID,Indonesia,1992,7239294
IE,Ireland,1992,2922558
IT,Italy,1992,11627193
JP,Japan,1992,611825
JO,Jordan,1992,450980
KE,Kenya,1992,1253696
KI,Kiribati,1992,9907
KW,Kuwait,1992,35728
LT,Lithuania,1992,661336
MG,Madagascar,1992,126554
MW,Malawi,1992,206376
MY,Malaysia,1992,9914274
MT,Malta,1992,27245
MU,Mauritius,1992,763625
MX,Mexico,1992,2931662
MA,Morocco,1992,985407
NL,Netherlands,1992,23534117
NZ,New Zealand,1992,2542347
NI,Nicaragua,1992,324525
NO,Norway,1992,333548
OM,Oman,1992,95366
PK,Pakistan,1992,3237029
PA,Panama,1992,841347
PG,Papua New Guinea,1992,407229
PY,Paraguay,1992,1618639
PE,Peru,1992,207946
PH,Philippines,1992,3594212
PL,Poland,1992,4366252
PT,Portugal,1992,805941
QA,Qatar,1992,8001
KR,South Korea,1992,717435
RE,R??union,1992,244680
RO,Romania,1992,250225
SN,Senegal,1992,254097
RS,Serbia,1992,1086503
SC,Seychelles,1992,836
SG,Singapore,1992,2964426
SI,Slovenia,1992,1689627
ZA,South Africa,1992,0
ES,Spain,1992,10002473
LK,Sri Lanka,1992,390561
SE,Sweden,1992,1519805
CH,Switzerland,1992,580389
SY,Syria,1992,606754
TH,Thailand,1992,21742554
TT,Trinidad and Tobago,1992,156010
TN,Tunisia,1992,283260
TR,Turkey,1992,7734268
GB,United Kingdom,1992,10778344
US,United States,1992,139775584
UY,Uruguay,1992,843026
VE,Venezuela,1992,338838
ZW,Zimbabwe,1992,350141
DZ,Algeria,1993,15566
AR,Argentina,1993,27026647
AU,Australia,1993,23052574
AT,Austria,1993,1566949
BB,Barbados,1993,52165
BE,Belgium,1993,16234926
BZ,Belize,1993,206192
BJ,Benin,1993,88695
BO,Bolivia,1993,353918
BW,Botswana,1993,70595
BR,Brazil,1993,24157058
CM,Cameroon,1993,472602
CA,Canada,1993,33578722
CF,Central African Republic,1993,11065
CL,Chile,1993,1976791
HK,Hong Kong,1993,1814837
MO,"Macao SAR, China",1993,27254
CN,China,1993,25150904
TW,Taiwan,1993,945365
CO,Colombia,1993,3311070
CG,Republic of the Congo,1993,18457
CR,Costa Rica,1993,1857967
HR,Croatia,1993,524762
CY,Cyprus,1993,341589
CZ,Czechia,1993,1894471
DK,Denmark,1993,6029685
EG,Egypt,1993,1059364
SV,El Salvador,1993,442984
FI,Finland,1993,1299873
FR,France,1993,58964693
GF,French Guiana,1993,14518
GA,Gabon,1993,11235
DE,Germany,1993,34465282
GR,Greece,1993,3824535
GL,Greenland,1993,14
GP,Guadeloupe,1993,195672
GT,Guatemala,1993,1848778
HN,Honduras,1993,1274615
HU,Hungary,1993,2462561
IS,Iceland,1993,14618
IN,India,1993,7318324
ID,Indonesia,1993,8623115
IE,Ireland,1993,2480197
IT,Italy,1993,12987659
JP,Japan,1993,631327
JO,Jordan,1993,391456
KE,Kenya,1993,1010352
KW,Kuwait,1993,43640
MW,Malawi,1993,3124
MY,Malaysia,1993,23221976
MT,Malta,1993,10614
MU,Mauritius,1993,699491
MX,Mexico,1993,3874464
MA,Morocco,1993,976857
NL,Netherlands,1993,25095588
NZ,New Zealand,1993,2787889
NI,Nicaragua,1993,245671
NO,Norway,1993,181767
OM,Oman,1993,116787
PK,Pakistan,1993,2624879
PA,Panama,1993,835444
PG,Papua New Guinea,1993,468630
PY,Paraguay,1993,2036566
PE,Peru,1993,236766
PH,Philippines,1993,4133592
PL,Poland,1993,2489840
PT,Portugal,1993,728364
KR,South Korea,1993,672911
RE,R??union,1993,209676
RO,Romania,1993,408877
SN,Senegal,1993,199549
SG,Singapore,1993,2849348
SI,Slovenia,1993,1582560
ES,Spain,1993,11613066
LK,Sri Lanka,1993,250546
SE,Sweden,1993,850335
CH,Switzerland,1993,624446
TH,Thailand,1993,18349501
TT,Trinidad and Tobago,1993,171558
TN,Tunisia,1993,254409
TR,Turkey,1993,4645201
GB,United Kingdom,1993,10996153
US,United States,1993,143709124
UY,Uruguay,1993,1169800
VE,Venezuela,1993,541172
ZM,Zambia,1993,49036
ZW,Zimbabwe,1993,702351
DZ,Algeria,1994,8953
AR,Argentina,1994,27543446
AU,Australia,1994,7190664
AT,Austria,1994,2004335
BB,Barbados,1994,42749
BE,Belgium,1994,18100319
BZ,Belize,1994,225612
BJ,Benin,1994,147492
BO,Bolivia,1994,615110
BW,Botswana,1994,66380
BR,Brazil,1994,27003706
BF,Burkina Faso,1994,36124
CM,Cameroon,1994,265204
CA,Canada,1994,39717510
CF,Central African Republic,1994,11870
CL,Chile,1994,2143489
HK,Hong Kong,1994,2414046
MO,"Macao SAR, China",1994,27516
CN,China,1994,23980917
TW,Taiwan,1994,971882
CO,Colombia,1994,3286591
CG,Republic of the Congo,1994,14928
CR,Costa Rica,1994,2655672
HR,Croatia,1994,414496
CY,Cyprus,1994,316856
CZ,Czechia,1994,1827682
DK,Denmark,1994,5961968
EC,Ecuador,1994,3512372
EG,Egypt,1994,971845
SV,El Salvador,1994,379585
FJ,Fiji,1994,618756
FI,Finland,1994,1714796
FR,France,1994,51702776
GF,French Guiana,1994,10189
GA,Gabon,1994,10751
DE,Germany,1994,36931916
GR,Greece,1994,4419996
GL,Greenland,1994,31
GP,Guadeloupe,1994,181017
GT,Guatemala,1994,2045590
HN,Honduras,1994,842595
HU,Hungary,1994,3130911
IS,Iceland,1994,44131
IN,India,1994,6296800
ID,Indonesia,1994,8742218
IE,Ireland,1994,2591295
IT,Italy,1994,13589532
JP,Japan,1994,610454
JO,Jordan,1994,329375
KW,Kuwait,1994,36549
LV,Latvia,1994,159067
LT,Lithuania,1994,682399
MG,Madagascar,1994,144222
MY,Malaysia,1994,12092612
MU,Mauritius,1994,682113
MX,Mexico,1994,4426744
MA,Morocco,1994,1110701
NL,Netherlands,1994,29100890
NZ,New Zealand,1994,3059547
NI,Nicaragua,1994,321810
NE,Niger,1994,20882
NO,Norway,1994,277604
OM,Oman,1994,138181
PK,Pakistan,1994,3614235
PA,Panama,1994,859770
PY,Paraguay,1994,1820390
PE,Peru,1994,314989
PH,Philippines,1994,3852599
PL,Poland,1994,2879199
PT,Portugal,1994,818358
KR,South Korea,1994,798541
MD,Moldova,1994,757697
RE,R??union,1994,196981
RO,Romania,1994,482835
SN,Senegal,1994,235298
SC,Seychelles,1994,770
SG,Singapore,1994,2802336
SK,Slovakia,1994,847826
SI,Slovenia,1994,2267859
ZA,South Africa,1994,6385009
ES,Spain,1994,13211791
LK,Sri Lanka,1994,260517
SE,Sweden,1994,1404539
CH,Switzerland,1994,675640
TH,Thailand,1994,17635240
TG,Togo,1994,104976
TT,Trinidad and Tobago,1994,207339
TN,Tunisia,1994,411615
TR,Turkey,1994,6044498
UG,Uganda,1994,179835
GB,United Kingdom,1994,11682612
US,United States,1994,135644957
UY,Uruguay,1994,1029849
VE,Venezuela,1994,591003
ZW,Zimbabwe,1994,2097531
DZ,Algeria,1995,65300
AR,Argentina,1995,33530181
AU,Australia,1995,19274349
AT,Austria,1995,2339382
BB,Barbados,1995,57260
BE,Belgium,1995,19675162
BZ,Belize,1995,213773
BJ,Benin,1995,150862
BO,Bolivia,1995,563586
BW,Botswana,1995,71153
BR,Brazil,1995,28480043
BF,Burkina Faso,1995,47665
CM,Cameroon,1995,533827
CA,Canada,1995,35789539
CF,Central African Republic,1995,27701
CL,Chile,1995,2467350
HK,Hong Kong,1995,2687103
MO,"Macao SAR, China",1995,21240
CN,China,1995,10883679
TW,Taiwan,1995,1076193
CO,Colombia,1995,2748384
KM,Comoros,1995,768
CR,Costa Rica,1995,2928617
HR,Croatia,1995,632196
CY,Cyprus,1995,424380
CZ,Czechia,1995,3243277
DK,Denmark,1995,6280233
DM,Dominica,1995,38552
EC,Ecuador,1995,4103776
EG,Egypt,1995,1011440
SV,El Salvador,1995,317892
FI,Finland,1995,966683
FR,France,1995,54215746
GF,French Guiana,1995,12428
DE,Germany,1995,34578389
GR,Greece,1995,3193145
GL,Greenland,1995,46
GP,Guadeloupe,1995,120300
GT,Guatemala,1995,2493090
GN,Guinea,1995,51349
HN,Honduras,1995,874722
HU,Hungary,1995,6712711
IS,Iceland,1995,23663
IN,India,1995,12817245
ID,Indonesia,1995,7273347
IE,Ireland,1995,2885257
IT,Italy,1995,12672962
JP,Japan,1995,649691
JO,Jordan,1995,411338
KW,Kuwait,1995,40832
LV,Latvia,1995,152110
MG,Madagascar,1995,130454
MY,Malaysia,1995,12052506
MU,Mauritius,1995,676055
MX,Mexico,1995,6578059
MA,Morocco,1995,1005869
NL,Netherlands,1995,26378403
NZ,New Zealand,1995,3124872
NI,Nicaragua,1995,343985
NE,Niger,1995,63991
NO,Norway,1995,319213
OM,Oman,1995,170808
PK,Pakistan,1995,3916765
PY,Paraguay,1995,2163481
PE,Peru,1995,216663
PH,Philippines,1995,4416937
PL,Poland,1995,2827789
PT,Portugal,1995,965832
KR,South Korea,1995,842931
MD,Moldova,1995,889763
RE,R??union,1995,184435
RO,Romania,1995,1292965
SN,Senegal,1995,130043
SC,Seychelles,1995,1393
SG,Singapore,1995,2723112
SI,Slovenia,1995,2175474
ZA,South Africa,1995,0
ES,Spain,1995,12332980
LK,Sri Lanka,1995,408360
SE,Sweden,1995,1145491
CH,Switzerland,1995,666196
TH,Thailand,1995,18773620
TG,Togo,1995,138194
TT,Trinidad and Tobago,1995,264054
TN,Tunisia,1995,304757
TR,Turkey,1995,4771852
UG,Uganda,1995,346782
GB,United Kingdom,1995,10922280
US,United States,1995,170941743
UY,Uruguay,1995,1182998
VE,Venezuela,1995,796140
ZM,Zambia,1995,57109
ZW,Zimbabwe,1995,1027817
AL,Albania,1996,18810
DZ,Algeria,1996,74120
AR,Argentina,1996,28393510
AU,Australia,1996,31623208
AT,Austria,1996,2605072
BB,Barbados,1996,76738
BE,Belgium,1996,19046557
BZ,Belize,1996,254386
BJ,Benin,1996,210051
BO,Bolivia,1996,824185
BW,Botswana,1996,65387
BR,Brazil,1996,27944729
BF,Burkina Faso,1996,22533
CM,Cameroon,1996,600342
CA,Canada,1996,35506478
CF,Central African Republic,1996,32982
CL,Chile,1996,2584854
HK,Hong Kong,1996,2931582
MO,"Macao SAR, China",1996,16393
CN,China,1996,10768214
TW,Taiwan,1996,1010801
CO,Colombia,1996,3073120
KM,Comoros,1996,1095
CR,Costa Rica,1996,3099295
HR,Croatia,1996,511050
CY,Cyprus,1996,419128
CZ,Czechia,1996,2120858
DK,Denmark,1996,6045606
EC,Ecuador,1996,4515216
EG,Egypt,1996,1062580
SV,El Salvador,1996,439311
FO,Faroe Islands,1996,4045
FI,Finland,1996,1120020
FR,France,1996,53274964
DE,Germany,1996,37148139
GR,Greece,1996,3486788
GT,Guatemala,1996,2483241
GN,Guinea,1996,42795
HN,Honduras,1996,1053199
HU,Hungary,1996,3302212
IS,Iceland,1996,16794
IN,India,1996,13105963
ID,Indonesia,1996,8176974
IE,Ireland,1996,2731573
IT,Italy,1996,18028342
JP,Japan,1996,605379
JO,Jordan,1996,184095
KE,Kenya,1996,1020134
KW,Kuwait,1996,152059
LT,Lithuania,1996,538716
MG,Madagascar,1996,99074
MY,Malaysia,1996,12599396
ML,Mali,1996,47310
MU,Mauritius,1996,912728
MA,Morocco,1996,1147560
NL,Netherlands,1996,26817853
NZ,New Zealand,1996,3689188
NI,Nicaragua,1996,454113
NE,Niger,1996,94846
NO,Norway,1996,341720
OM,Oman,1996,154100
PK,Pakistan,1996,3311504
PA,Panama,1996,756927
PG,Papua New Guinea,1996,123128
PY,Paraguay,1996,2510938
PE,Peru,1996,397252
PH,Philippines,1996,3792831
PL,Poland,1996,2802078
PT,Portugal,1996,1029793
KR,South Korea,1996,1001089
MD,Moldova,1996,750024
RO,Romania,1996,2437834
RW,Rwanda,1996,6247
RS,Serbia,1996,1195730
SC,Seychelles,1996,1076
SG,Singapore,1996,2350807
SI,Slovenia,1996,2294904
ZA,South Africa,1996,0
ES,Spain,1996,13324434
LK,Sri Lanka,1996,418023
SE,Sweden,1996,1680338
CH,Switzerland,1996,681584
TH,Thailand,1996,44442175
TG,Togo,1996,138660
TT,Trinidad and Tobago,1996,246063
TN,Tunisia,1996,258901
TR,Turkey,1996,4609992
UG,Uganda,1996,490072
GB,United Kingdom,1996,12001306
US,United States,1996,159849398
UY,Uruguay,1996,1544090
VE,Venezuela,1996,642389
ZW,Zimbabwe,1996,959779
AL,Albania,1997,8894
DZ,Algeria,1997,23965
AR,Argentina,1997,41126558
AU,Australia,1997,36426478
AT,Austria,1997,2775591
BB,Barbados,1997,86372
BE,Belgium,1997,19747034
BZ,Belize,1997,252530
BJ,Benin,1997,150016
BO,Bolivia,1997,917967
BR,Brazil,1997,32427360
BF,Burkina Faso,1997,41200
CM,Cameroon,1997,489727
CA,Canada,1997,38092339
CF,Central African Republic,1997,23048
CL,Chile,1997,2750377
HK,Hong Kong,1997,3089567
CN,China,1997,18049426
TW,Taiwan,1997,592190
CO,Colombia,1997,3340762
KM,Comoros,1997,1783
CR,Costa Rica,1997,3070610
CI,Ivory Coast,1997,2370021
HR,Croatia,1997,414270
CY,Cyprus,1997,239933
CZ,Czechia,1997,1939240
DK,Denmark,1997,6589132
DM,Dominica,1997,43231
EC,Ecuador,1997,5086936
SV,El Salvador,1997,580251
FO,Faroe Islands,1997,5873
FI,Finland,1997,1398830
FR,France,1997,56056737
GA,Gabon,1997,25612
DE,Germany,1997,35287589
GR,Greece,1997,3306001
GL,Greenland,1997,78
GT,Guatemala,1997,2852391
GN,Guinea,1997,44231
GY,Guyana,1997,536606
HN,Honduras,1997,785329
HU,Hungary,1997,4814064
IS,Iceland,1997,12767
IN,India,1997,9658382
ID,Indonesia,1997,9295520
IR,Iran,1997,1273902
IE,Ireland,1997,2924395
IT,Italy,1997,19969989
JP,Japan,1997,657052
JO,Jordan,1997,452616
KE,Kenya,1997,693208
KW,Kuwait,1997,63137
LV,Latvia,1997,200821
LB,Lebanon,1997,372124
LT,Lithuania,1997,758714
MW,Malawi,1997,259965
MU,Mauritius,1997,733081
MX,Mexico,1997,7654561
MN,Mongolia,1997,41193
MA,Morocco,1997,1093117
NA,Namibia,1997,167879
NL,Netherlands,1997,26921076
NZ,New Zealand,1997,3445869
NI,Nicaragua,1997,507554
NE,Niger,1997,68990
NO,Norway,1997,332913
OM,Oman,1997,230059
PK,Pakistan,1997,3288637
PA,Panama,1997,789350
PY,Paraguay,1997,3058741
PE,Peru,1997,396320
PH,Philippines,1997,4005634
PT,Portugal,1997,1239245
MD,Moldova,1997,771257
RW,Rwanda,1997,28979
LC,Saint Lucia,1997,78944
SN,Senegal,1997,147525
RS,Serbia,1997,549198
SG,Singapore,1997,2193954
SK,Slovakia,1997,805894
SI,Slovenia,1997,2244416
ZA,South Africa,1997,5603185
ES,Spain,1997,15416697
LK,Sri Lanka,1997,479850
SD,Sudan,1997,659622
SZ,Swaziland,1997,721964
SE,Sweden,1997,2455259
CH,Switzerland,1997,707957
TH,Thailand,1997,50199466
TG,Togo,1997,134113
TT,Trinidad and Tobago,1997,293518
TN,Tunisia,1997,356883
TR,Turkey,1997,5422292
UG,Uganda,1997,151168
GB,United Kingdom,1997,12854183
TZ,Tanzania,1997,427366
US,United States,1997,148117965
UY,Uruguay,1997,1855506
VE,Venezuela,1997,609755
ZM,Zambia,1997,142539
ZW,Zimbabwe,1997,1202466
DZ,Algeria,1998,21086
AR,Argentina,1998,51096109
AU,Australia,1998,29242556
AT,Austria,1998,3168028
BD,Bangladesh,1998,440291
BB,Barbados,1998,73360
BY,Belarus,1998,781701
BE,Belgium,1998,21263919
BJ,Benin,1998,315870
BO,Bolivia,1998,973051
BR,Brazil,1998,34520246
BI,Burundi,1998,42805
CV,Cape Verde,1998,5844
CM,Cameroon,1998,84856
CA,Canada,1998,38315414
CF,Central African Republic,1998,28439
CL,Chile,1998,3004476
HK,Hong Kong,1998,3028079
CN,China,1998,17950649
TW,Taiwan,1998,492040
CO,Colombia,1998,3670980
KM,Comoros,1998,260
CK,Cook Islands,1998,290
CR,Costa Rica,1998,3447106
CI,Ivory Coast,1998,2327397
CY,Cyprus,1998,246346
CZ,Czechia,1998,2438451
DK,Denmark,1998,6450163
EC,Ecuador,1998,4306682
EG,Egypt,1998,1336605
EE,Estonia,1998,510864
ET,Ethiopia,1998,227243
FO,Faroe Islands,1998,5965
FI,Finland,1998,1172927
FR,France,1998,58191151
GA,Gabon,1998,21111
DE,Germany,1998,38201850
GH,Ghana,1998,468466
GR,Greece,1998,2954461
GL,Greenland,1998,171
GT,Guatemala,1998,3259743
GN,Guinea,1998,47379
GY,Guyana,1998,485171
HN,Honduras,1998,928900
HU,Hungary,1998,6748811
IS,Iceland,1998,12854
IN,India,1998,10363075
ID,Indonesia,1998,8615933
IR,Iran,1998,1448487
IE,Ireland,1998,2995099
IT,Italy,1998,18132074
JP,Japan,1998,949499
JO,Jordan,1998,188159
KZ,Kazakhstan,1998,3355453
KE,Kenya,1998,736223
KW,Kuwait,1998,48466
KG,Kyrgyzstan,1998,303631
LB,Lebanon,1998,383379
MG,Madagascar,1998,69822
MW,Malawi,1998,288008
MY,Malaysia,1998,12618287
MT,Malta,1998,24398
MU,Mauritius,1998,776269
MX,Mexico,1998,8714991
MN,Mongolia,1998,46422
MA,Morocco,1998,1232164
NA,Namibia,1998,362872
NL,Netherlands,1998,26698493
NZ,New Zealand,1998,3401119
NI,Nicaragua,1998,225741
NE,Niger,1998,88181
NO,Norway,1998,329147
PK,Pakistan,1998,4411399
PA,Panama,1998,657005
PY,Paraguay,1998,3111798
PE,Peru,1998,420399
PH,Philippines,1998,4189019
PT,Portugal,1998,1532553
KR,South Korea,1998,1173124
MD,Moldova,1998,945
RO,Romania,1998,1582688
RU,Russia,1998,4827835
RW,Rwanda,1998,17141
LC,Saint Lucia,1998,58251
SA,Saudi Arabia,1998,765103
SN,Senegal,1998,167289
SG,Singapore,1998,1937470
SK,Slovakia,1998,1268293
SI,Slovenia,1998,2505790
ZA,South Africa,1998,5321327
ES,Spain,1998,15338098
LK,Sri Lanka,1998,440354
SD,Sudan,1998,705095
SZ,Swaziland,1998,1070667
SE,Sweden,1998,2417075
CH,Switzerland,1998,797380
SY,Syria,1998,1138290
TH,Thailand,1998,49557428
TG,Togo,1998,160432
TT,Trinidad and Tobago,1998,350242
TN,Tunisia,1998,372061
TR,Turkey,1998,6619582
UG,Uganda,1998,268078
GB,United Kingdom,1998,13471650
TZ,Tanzania,1998,396791
US,United States,1998,145247122
UY,Uruguay,1998,1607727
VE,Venezuela,1998,714676
YE,Yemen,1998,74045
ZW,Zimbabwe,1998,1314911
AL,Albania,1999,10508
DZ,Algeria,1999,20696
AR,Argentina,1999,47519599
AM,Armenia,1999,10387
AW,Aruba,1999,7014
AU,Australia,1999,32177944
AT,Austria,1999,4075078
AZ,Azerbaijan,1999,140754
BB,Barbados,1999,45384
BY,Belarus,1999,730429
BE,Belgium,1999,21823780
BJ,Benin,1999,320544
BO,Bolivia,1999,1063328
BW,Botswana,1999,62187
BR,Brazil,1999,39364454
BF,Burkina Faso,1999,46428
BI,Burundi,1999,28056
CV,Cape Verde,1999,3854
CM,Cameroon,1999,359759
CA,Canada,1999,37281093
CF,Central African Republic,1999,17986
CL,Chile,1999,3006735
HK,Hong Kong,1999,2637312
MO,"Macao SAR, China",1999,13180
CN,China,1999,17590357
TW,Taiwan,1999,684495
CO,Colombia,1999,3943817
KM,Comoros,1999,496
CK,Cook Islands,1999,405
CR,Costa Rica,1999,3616481
CI,Ivory Coast,1999,2585946
HR,Croatia,1999,444077
CU,Cuba,1999,3239288
CY,Cyprus,1999,286610
CZ,Czechia,1999,3095897
DK,Denmark,1999,6838877
EC,Ecuador,1999,4616551
EG,Egypt,1999,1131440
SV,El Salvador,1999,508113
EE,Estonia,1999,329950
ET,Ethiopia,1999,234626
FO,Faroe Islands,1999,4249
FI,Finland,1999,957824
FR,France,1999,65000790
GA,Gabon,1999,17249
GM,Gambia,1999,3738
DE,Germany,1999,40681334
GH,Ghana,1999,449413
GR,Greece,1999,3333835
GL,Greenland,1999,415
GT,Guatemala,1999,3252771
GN,Guinea,1999,38951
GY,Guyana,1999,578050
HN,Honduras,1999,584691
HU,Hungary,1999,4958720
IS,Iceland,1999,16342
IN,India,1999,6865725
ID,Indonesia,1999,10175135
IR,Iran,1999,1360459
IE,Ireland,1999,2947492
IL,Israel,1999,5411089
IT,Italy,1999,20904868
JP,Japan,1999,789652
JO,Jordan,1999,495829
KZ,Kazakhstan,1999,4490872
KE,Kenya,1999,661935
KW,Kuwait,1999,64232
KG,Kyrgyzstan,1999,267704
LB,Lebanon,1999,363998
LT,Lithuania,1999,798985
MG,Madagascar,1999,61947
MY,Malaysia,1999,13806392
MT,Malta,1999,25535
MU,Mauritius,1999,610458
MX,Mexico,1999,8197690
MN,Mongolia,1999,55735
MA,Morocco,1999,1428582
NA,Namibia,1999,100494
NP,Nepal,1999,131726
NL,Netherlands,1999,30333422
NZ,New Zealand,1999,3428018
NI,Nicaragua,1999,212731
NE,Niger,1999,84986
NO,Norway,1999,374802
PK,Pakistan,1999,8947196
PA,Panama,1999,716799
PY,Paraguay,1999,2856774
PE,Peru,1999,454120
PH,Philippines,1999,3114877
PT,Portugal,1999,1338137
KR,South Korea,1999,1078471
MD,Moldova,1999,688656
RO,Romania,1999,2031417
RU,Russia,1999,2549192
RW,Rwanda,1999,30113
LC,Saint Lucia,1999,73528
SN,Senegal,1999,150045
SG,Singapore,1999,1935632
SK,Slovakia,1999,1303482
ZA,South Africa,1999,4698983
ES,Spain,1999,15066033
LK,Sri Lanka,1999,467867
SD,Sudan,1999,827890
SE,Sweden,1999,2339048
CH,Switzerland,1999,924958
SY,Syria,1999,724795
TH,Thailand,1999,54157796
MK,Macedonia,1999,301333
TG,Togo,1999,175293
TT,Trinidad and Tobago,1999,258286
TN,Tunisia,1999,488376
TR,Turkey,1999,6307586
UG,Uganda,1999,69680
GB,United Kingdom,1999,12024377
TZ,Tanzania,1999,483872
US,United States,1999,157096990
UY,Uruguay,1999,1677691
VE,Venezuela,1999,546766
ZM,Zambia,1999,276715
ZW,Zimbabwe,1999,897976
AL,Albania,2000,13920
DZ,Algeria,2000,20593
AR,Argentina,2000,51916037
AM,Armenia,2000,15044
AW,Aruba,2000,93282
AU,Australia,2000,32599023
AT,Austria,2000,4253496
BS,Bahamas,2000,342742
BH,Bahrain,2000,14003
BE,Belgium,2000,22489026
BZ,Belize,2000,266441
BJ,Benin,2000,309260
BO,Bolivia,2000,1201816
BW,Botswana,2000,74469
BR,Brazil,2000,34770682
BF,Burkina Faso,2000,102925
BI,Burundi,2000,30529
CV,Cape Verde,2000,9929
KH,Cambodia,2000,28513
CM,Cameroon,2000,520255
CA,Canada,2000,41205956
CF,Central African Republic,2000,15733
CL,Chile,2000,2943211
HK,Hong Kong,2000,2941734
MO,"Macao SAR, China",2000,11445
CN,China,2000,26171348
TW,Taiwan,2000,673472
CO,Colombia,2000,4101731
KM,Comoros,2000,723
CK,Cook Islands,2000,206
CR,Costa Rica,2000,3518854
CI,Ivory Coast,2000,2843965
HR,Croatia,2000,641394
CU,Cuba,2000,3539520
CY,Cyprus,2000,224103
CZ,Czechia,2000,4038415
DK,Denmark,2000,6866647
DM,Dominica,2000,35515
EC,Ecuador,2000,4649226
EG,Egypt,2000,1196903
SV,El Salvador,2000,783461
EE,Estonia,2000,306117
ET,Ethiopia,2000,304270
FJ,Fiji,2000,483047
FI,Finland,2000,941299
FR,France,2000,63611247
GA,Gabon,2000,12118
GM,Gambia,2000,3576
GE,Georgia,2000,139584
DE,Germany,2000,45497610
GH,Ghana,2000,399099
GR,Greece,2000,3280612
GL,Greenland,2000,143
GT,Guatemala,2000,3599428
GN,Guinea,2000,35680
GY,Guyana,2000,543600
HN,Honduras,2000,376172
HU,Hungary,2000,4432175
IS,Iceland,2000,94642
IN,India,2000,8586580
ID,Indonesia,2000,11220491
IR,Iran,2000,1370183
IE,Ireland,2000,3245279
IL,Israel,2000,2597588
IT,Italy,2000,20160479
JP,Japan,2000,6758193
JO,Jordan,2000,593973
KZ,Kazakhstan,2000,6370492
KE,Kenya,2000,588059
KW,Kuwait,2000,67678
KG,Kyrgyzstan,2000,241395
LV,Latvia,2000,137354
LB,Lebanon,2000,368079
LT,Lithuania,2000,676366
LU,Luxembourg,2000,491594
MG,Madagascar,2000,59595
MY,Malaysia,2000,14776480
MT,Malta,2000,26832
MU,Mauritius,2000,558136
MX,Mexico,2000,8595584
MN,Mongolia,2000,44229
MA,Morocco,2000,1224872
NA,Namibia,2000,123381
NL,Netherlands,2000,27307602
NZ,New Zealand,2000,4132962
NI,Nicaragua,2000,482601
NE,Niger,2000,109358
NG,Nigeria,2000,8497
NO,Norway,2000,527045
PK,Pakistan,2000,4149996
PA,Panama,2000,648720
PY,Paraguay,2000,2819228
PE,Peru,2000,491833
PH,Philippines,2000,4375599
PL,Poland,2000,3011789
PT,Portugal,2000,1475296
QA,Qatar,2000,8858
KR,South Korea,2000,1057731
MD,Moldova,2000,464853
RO,Romania,2000,972828
RU,Russia,2000,4516601
KN,St. Kitts and Nevis,2000,14482
LC,Saint Lucia,2000,57663
SA,Saudi Arabia,2000,891270
SN,Senegal,2000,369809
RS,Serbia,2000,718762
SG,Singapore,2000,1742294
SK,Slovakia,2000,1116491
SI,Slovenia,2000,928754
ZA,South Africa,2000,5107978
ES,Spain,2000,16345595
LK,Sri Lanka,2000,505511
SD,Sudan,2000,591953
SZ,Swaziland,2000,1222030
SE,Sweden,2000,2610804
CH,Switzerland,2000,918190
TH,Thailand,2000,55631611
MK,Macedonia,2000,292764
TG,Togo,2000,138708
TO,Tonga,2000,13612
TT,Trinidad and Tobago,2000,308488
TN,Tunisia,2000,502759
TR,Turkey,2000,6103319
UG,Uganda,2000,279751
GB,United Kingdom,2000,13044551
TZ,Tanzania,2000,463817
US,United States,2000,161063493
UY,Uruguay,2000,1486583
VE,Venezuela,2000,509982
ZM,Zambia,2000,182761
ZW,Zimbabwe,2000,1114355
AL,Albania,2001,21294
DZ,Algeria,2001,24260
AR,Argentina,2001,55290357
AM,Armenia,2001,27578
AW,Aruba,2001,79203
AU,Australia,2001,29624759
AT,Austria,2001,4494892
AZ,Azerbaijan,2001,146331
BS,Bahamas,2001,82815
BH,Bahrain,2001,34551
BB,Barbados,2001,76144
BY,Belarus,2001,895512
BE,Belgium,2001,22587395
BJ,Benin,2001,244497
BO,Bolivia,2001,1248301
BW,Botswana,2001,78031
BR,Brazil,2001,54411069
BG,Bulgaria,2001,1336022
BF,Burkina Faso,2001,225505
BI,Burundi,2001,37416
CV,Cape Verde,2001,3343
KH,Cambodia,2001,57581
CM,Cameroon,2001,577114
CA,Canada,2001,40486171
CF,Central African Republic,2001,12330
CL,Chile,2001,3554563
HK,Hong Kong,2001,2492668
MO,"Macao SAR, China",2001,10581
CN,China,2001,21171986
TW,Taiwan,2001,720095
CO,Colombia,2001,3786013
KM,Comoros,2001,344
CK,Cook Islands,2001,139
CR,Costa Rica,2001,3507637
CI,Ivory Coast,2001,2908220
HR,Croatia,2001,673859
CU,Cuba,2001,2547141
CY,Cyprus,2001,228411
CZ,Czechia,2001,3036252
DK,Denmark,2001,6726653
DM,Dominica,2001,24273
EC,Ecuador,2001,4360481
EG,Egypt,2001,1951986
SV,El Salvador,2001,770875
EE,Estonia,2001,333818
ET,Ethiopia,2001,83198
FJ,Fiji,2001,450040
FI,Finland,2001,1385626
FR,France,2001,57348093
PF,French Polynesia,2001,9628
GA,Gabon,2001,22778
GM,Gambia,2001,10032
GE,Georgia,2001,135946
DE,Germany,2001,45626248
GH,Ghana,2001,351222
GR,Greece,2001,3838097
GL,Greenland,2001,57
GT,Guatemala,2001,3366586
GN,Guinea,2001,32834
GY,Guyana,2001,508911
HN,Honduras,2001,962587
HU,Hungary,2001,5906050
IS,Iceland,2001,11710
IN,India,2001,12535386
ID,Indonesia,2001,11639162
IR,Iran,2001,1465515
IE,Ireland,2001,2845727
IL,Israel,2001,717712
IT,Italy,2001,24794196
JM,Jamaica,2001,287977
JP,Japan,2001,6963211
JO,Jordan,2001,559717
KZ,Kazakhstan,2001,3688482
KE,Kenya,2001,620718
KW,Kuwait,2001,68311
KG,Kyrgyzstan,2001,182447
LV,Latvia,2001,236018
LB,Lebanon,2001,408099
LT,Lithuania,2001,1060464
LU,Luxembourg,2001,575271
MG,Madagascar,2001,65274
MW,Malawi,2001,323846
MY,Malaysia,2001,17365016
MV,Maldives,2001,34
MT,Malta,2001,29091
MU,Mauritius,2001,819904
MX,Mexico,2001,8250938
MN,Mongolia,2001,40314
MA,Morocco,2001,1199392
NA,Namibia,2001,175533
NL,Netherlands,2001,29510276
NC,New Caledonia,2001,3580
NZ,New Zealand,2001,3959445
NI,Nicaragua,2001,515558
NE,Niger,2001,64827
NO,Norway,2001,519461
OM,Oman,2001,362881
PK,Pakistan,2001,5412913
PA,Panama,2001,451401
PG,Papua New Guinea,2001,206700
PY,Paraguay,2001,3461228
PE,Peru,2001,583854
PH,Philippines,2001,5602237
PL,Poland,2001,3499247
PT,Portugal,2001,1644442
QA,Qatar,2001,2812
KR,South Korea,2001,1176789
MD,Moldova,2001,676427
RO,Romania,2001,1286939
RU,Russia,2001,5204539
RW,Rwanda,2001,36367
KN,St. Kitts and Nevis,2001,15032
LC,Saint Lucia,2001,27257
SA,Saudi Arabia,2001,506472
SN,Senegal,2001,328628
RS,Serbia,2001,535552
SC,Seychelles,2001,887
SG,Singapore,2001,1563067
SK,Slovakia,2001,960113
SI,Slovenia,2001,481775
ZA,South Africa,2001,5801356
ES,Spain,2001,17429532
LK,Sri Lanka,2001,575024
SD,Sudan,2001,446115
SZ,Swaziland,2001,521667
SE,Sweden,2001,2714674
CH,Switzerland,2001,893732
SY,Syria,2001,740439
TH,Thailand,2001,61747882
MK,Macedonia,2001,264132
TG,Togo,2001,161271
TO,Tonga,2001,14813
TT,Trinidad and Tobago,2001,366476
TN,Tunisia,2001,543873
TR,Turkey,2001,6554476
UG,Uganda,2001,201459
GB,United Kingdom,2001,9150100
TZ,Tanzania,2001,587765
US,United States,2001,160553433
UY,Uruguay,2001,1550709
VE,Venezuela,2001,445236
ZM,Zambia,2001,223250
ZW,Zimbabwe,2001,512192
AL,Albania,2002,14088
DZ,Algeria,2002,46838
AR,Argentina,2002,52774418
AM,Armenia,2002,26828
AW,Aruba,2002,72816
AU,Australia,2002,29646419
AT,Austria,2002,5143995
AZ,Azerbaijan,2002,204979
BH,Bahrain,2002,93833
BB,Barbados,2002,51681
BY,Belarus,2002,1019016
BE,Belgium,2002,22895093
BJ,Benin,2002,333049
BO,Bolivia,2002,1464161
BR,Brazil,2002,55951582
BN,Brunei,2002,1147
BG,Bulgaria,2002,2844873
BF,Burkina Faso,2002,199776
BI,Burundi,2002,28877
CM,Cameroon,2002,610600
CA,Canada,2002,30436871
CF,Central African Republic,2002,15868
HK,Hong Kong,2002,2407575
MO,"Macao SAR, China",2002,12613
CN,China,2002,30297240
TW,Taiwan,2002,656331
CO,Colombia,2002,4175751
KM,Comoros,2002,237
CK,Cook Islands,2002,357
CR,Costa Rica,2002,3489140
CI,Ivory Coast,2002,2507404
HR,Croatia,2002,758967
CU,Cuba,2002,3114045
CY,Cyprus,2002,248761
CZ,Czechia,2002,6153358
DK,Denmark,2002,7569461
DM,Dominica,2002,23895
EC,Ecuador,2002,5008086
EG,Egypt,2002,1923372
SV,El Salvador,2002,759367
EE,Estonia,2002,402108
ET,Ethiopia,2002,486805
FJ,Fiji,2002,432011
FI,Finland,2002,1301285
FR,France,2002,57412216
PF,French Polynesia,2002,11287
GA,Gabon,2002,20011
GM,Gambia,2002,22945
GE,Georgia,2002,246773
DE,Germany,2002,44089012
GR,Greece,2002,3477634
GD,Grenada,2002,16679
GT,Guatemala,2002,3628532
GN,Guinea,2002,23246
GY,Guyana,2002,541342
HN,Honduras,2002,1214484
HU,Hungary,2002,6156074
IS,Iceland,2002,77740
IN,India,2002,15863996
ID,Indonesia,2002,13462907
IR,Iran,2002,1461637
IE,Ireland,2002,2938436
IL,Israel,2002,6530664
IT,Italy,2002,27166888
JP,Japan,2002,9660651
JO,Jordan,2002,558209
KZ,Kazakhstan,2002,4829077
KE,Kenya,2002,1503088
KG,Kyrgyzstan,2002,236939
LV,Latvia,2002,299854
LB,Lebanon,2002,501286
LT,Lithuania,2002,930996
LU,Luxembourg,2002,634542
MG,Madagascar,2002,49316
MW,Malawi,2002,279422
MY,Malaysia,2002,23012879
MV,Maldives,2002,48
ML,Mali,2002,206288
MT,Malta,2002,31794
MU,Mauritius,2002,744026
MX,Mexico,2002,9706387
MN,Mongolia,2002,46498
MA,Morocco,2002,1199461
NA,Namibia,2002,153235
NL,Netherlands,2002,31057697
NC,New Caledonia,2002,3123
NZ,New Zealand,2002,4190366
NI,Nicaragua,2002,512586
NE,Niger,2002,73075
NO,Norway,2002,611590
OM,Oman,2002,432018
PK,Pakistan,2002,5335400
PA,Panama,2002,583890
PY,Paraguay,2002,2342196
PE,Peru,2002,707054
PH,Philippines,2002,4252902
PL,Poland,2002,3944375
PT,Portugal,2002,1993370
QA,Qatar,2002,5863
KR,South Korea,2002,1210652
MD,Moldova,2002,1098739
RO,Romania,2002,1340166
RU,Russia,2002,15264775
RW,Rwanda,2002,36447
KN,St. Kitts and Nevis,2002,1040
LC,Saint Lucia,2002,60604
VC,Saint Vincent and the Grenadines,2002,70450
SA,Saudi Arabia,2002,626859
SN,Senegal,2002,324552
RS,Serbia,2002,1608892
SC,Seychelles,2002,894
SG,Singapore,2002,1627969
SK,Slovakia,2002,1214719
SI,Slovenia,2002,464299
SB,Solomon Islands,2002,3403
ZA,South Africa,2002,5921280
ES,Spain,2002,18333929
LK,Sri Lanka,2002,653575
SD,Sudan,2002,621046
SZ,Swaziland,2002,456569
SE,Sweden,2002,2136373
CH,Switzerland,2002,926975
SY,Syria,2002,1662328
TH,Thailand,2002,22879934
MK,Macedonia,2002,344949
TG,Togo,2002,198936
TO,Tonga,2002,19307
TT,Trinidad and Tobago,2002,324918
TN,Tunisia,2002,544326
TR,Turkey,2002,4759747
TV,Tuvalu,2002,107
UG,Uganda,2002,370950
UA,Ukraine,2002,15082992
AE,United Arab Emirates,2002,1854992
GB,United Kingdom,2002,10184539
TZ,Tanzania,2002,626520
US,United States,2002,156291666
UY,Uruguay,2002,1523521
VE,Venezuela,2002,404959
YE,Yemen,2002,140605
ZM,Zambia,2002,211134
ZW,Zimbabwe,2002,599997
AL,Albania,2003,18389
DZ,Algeria,2003,50203
AR,Argentina,2003,58257690
AM,Armenia,2003,36889
AW,Aruba,2003,54846
AU,Australia,2003,20207399
AT,Austria,2003,5457267
AZ,Azerbaijan,2003,367200
BH,Bahrain,2003,105224
BB,Barbados,2003,61991
BY,Belarus,2003,1367751
BE,Belgium,2003,24080326
BZ,Belize,2003,595674
BJ,Benin,2003,322194
BO,Bolivia,2003,1622644
BA,Bosnia and Herzegovina,2003,62387
BW,Botswana,2003,24322
BR,Brazil,2003,63227894
BN,Brunei,2003,1261
BG,Bulgaria,2003,1529631
BF,Burkina Faso,2003,325991
BI,Burundi,2003,36019
KH,Cambodia,2003,57036
CM,Cameroon,2003,716524
CA,Canada,2003,32132537
CF,Central African Republic,2003,2381
CL,Chile,2003,3323426
HK,Hong Kong,2003,2381278
MO,"Macao SAR, China",2003,13154
CN,China,2003,37868409
TW,Taiwan,2003,598903
CO,Colombia,2003,4320024
CR,Costa Rica,2003,3861614
CI,Ivory Coast,2003,2425319
HR,Croatia,2003,841031
CU,Cuba,2003,1679981
CY,Cyprus,2003,237146
CZ,Czechia,2003,6879989
DK,Denmark,2003,7459915
DM,Dominica,2003,17277
EC,Ecuador,2003,5515513
EG,Egypt,2003,2425294
SV,El Salvador,2003,798485
EE,Estonia,2003,399479
ET,Ethiopia,2003,413322
FJ,Fiji,2003,431911
FI,Finland,2003,1245620
FR,France,2003,61269434
PF,French Polynesia,2003,12287
GA,Gabon,2003,11299
GM,Gambia,2003,11675
GE,Georgia,2003,382892
DE,Germany,2003,46011045
GH,Ghana,2003,592411
GR,Greece,2003,2706685
GT,Guatemala,2003,2193042
GN,Guinea,2003,36294
GY,Guyana,2003,528415
HN,Honduras,2003,1269025
HU,Hungary,2003,5764646
IS,Iceland,2003,83231
IN,India,2003,17158730
ID,Indonesia,2003,13138584
IR,Iran,2003,1640925
IE,Ireland,2003,3024723
IL,Israel,2003,8651610
IT,Italy,2003,20957723
JP,Japan,2003,7646709
JO,Jordan,2003,684180
KZ,Kazakhstan,2003,6648815
KE,Kenya,2003,1712876
KG,Kyrgyzstan,2003,219099
LV,Latvia,2003,407550
LB,Lebanon,2003,566556
LT,Lithuania,2003,1400753
LU,Luxembourg,2003,721103
MG,Madagascar,2003,54464
MW,Malawi,2003,427001
MY,Malaysia,2003,32534940
MV,Maldives,2003,3
ML,Mali,2003,201053
MT,Malta,2003,31055
MU,Mauritius,2003,638544
MX,Mexico,2003,9107856
MN,Mongolia,2003,33216
MA,Morocco,2003,1259579
NA,Namibia,2003,210889
NP,Nepal,2003,176628
NL,Netherlands,2003,34017778
NC,New Caledonia,2003,3126
NZ,New Zealand,2003,4405651
NI,Nicaragua,2003,527504
NE,Niger,2003,70775
NO,Norway,2003,732913
OM,Oman,2003,465966
PK,Pakistan,2003,5481753
PA,Panama,2003,575440
PY,Paraguay,2003,3984746
PE,Peru,2003,781875
PH,Philippines,2003,4950549
PL,Poland,2003,4787555
PT,Portugal,2003,1966955
QA,Qatar,2003,6595
KR,South Korea,2003,1248864
MD,Moldova,2003,845479
RO,Romania,2003,966535
RU,Russia,2003,13433681
RW,Rwanda,2003,32268
KN,St. Kitts and Nevis,2003,14892
LC,Saint Lucia,2003,64012
VC,Saint Vincent and the Grenadines,2003,57901
ST,S?o Tom? and Principe,2003,4026
SA,Saudi Arabia,2003,1142646
SN,Senegal,2003,230322
SC,Seychelles,2003,506
SG,Singapore,2003,1530070
SK,Slovakia,2003,1422381
SI,Slovenia,2003,465143
SB,Solomon Islands,2003,12650
ZA,South Africa,2003,5350518
ES,Spain,2003,20231325
LK,Sri Lanka,2003,666218
SD,Sudan,2003,541876
SZ,Swaziland,2003,574830
SE,Sweden,2003,2654575
CH,Switzerland,2003,1002115
TH,Thailand,2003,72437605
MK,Macedonia,2003,340282
TG,Togo,2003,49360
TO,Tonga,2003,22443
TT,Trinidad and Tobago,2003,246244
TN,Tunisia,2003,490527
TR,Turkey,2003,6069145
UG,Uganda,2003,133905
UA,Ukraine,2003,8621009
AE,United Arab Emirates,2003,2394888
GB,United Kingdom,2003,13232075
TZ,Tanzania,2003,826816
US,United States,2003,157296749
UY,Uruguay,2003,1805061
VE,Venezuela,2003,298094
YE,Yemen,2003,157609
ZM,Zambia,2003,294651
AL,Albania,2004,30788
DZ,Algeria,2004,78988
AR,Argentina,2004,58371946
AM,Armenia,2004,41776
AW,Aruba,2004,33106
AU,Australia,2004,116719510
AT,Austria,2004,5841767
AZ,Azerbaijan,2004,417360
BH,Bahrain,2004,65895
BB,Barbados,2004,68605
BY,Belarus,2004,1428359
BE,Belgium,2004,24358131
BJ,Benin,2004,249259
BO,Bolivia,2004,1732177
BA,Bosnia and Herzegovina,2004,126727
BR,Brazil,2004,70590622
BG,Bulgaria,2004,2284433
BF,Burkina Faso,2004,335725
KH,Cambodia,2004,140381
CM,Cameroon,2004,715106
CA,Canada,2004,38804659
CF,Central African Republic,2004,1319
CL,Chile,2004,4071243
HK,Hong Kong,2004,1849741
MO,"Macao SAR, China",2004,7918
CN,China,2004,21503536
TW,Taiwan,2004,579146
CO,Colombia,2004,3583756229
CR,Costa Rica,2004,4221767
CI,Ivory Coast,2004,2637314
HR,Croatia,2004,541121
CU,Cuba,2004,1970106
CY,Cyprus,2004,250802
CZ,Czechia,2004,3229403
DK,Denmark,2004,6550810
DM,Dominica,2004,20058
EC,Ecuador,2004,5503510
EG,Egypt,2004,2917331
SV,El Salvador,2004,770848
EE,Estonia,2004,292073
ET,Ethiopia,2004,497321
FJ,Fiji,2004,428345
FI,Finland,2004,1148501
FR,France,2004,57797107
PF,French Polynesia,2004,15976
GA,Gabon,2004,17614
GE,Georgia,2004,417665
DE,Germany,2004,45662142
GR,Greece,2004,2661802
GD,Grenada,2004,11387
GT,Guatemala,2004,3914546
GY,Guyana,2004,670978
HN,Honduras,2004,1516936
HU,Hungary,2004,5428894
IS,Iceland,2004,70333
IN,India,2004,15338586
ID,Indonesia,2004,17363279
IR,Iran,2004,1745994
IE,Ireland,2004,3197464
IL,Israel,2004,8567148
IT,Italy,2004,18749522
JM,Jamaica,2004,274125
JP,Japan,2004,14095465
JO,Jordan,2004,771455
KZ,Kazakhstan,2004,4333340
KE,Kenya,2004,7961901
KG,Kyrgyzstan,2004,327638
LV,Latvia,2004,406630
LB,Lebanon,2004,672297
LT,Lithuania,2004,1430824
LU,Luxembourg,2004,643812
MG,Madagascar,2004,91031
MY,Malaysia,2004,30141559
MV,Maldives,2004,200
ML,Mali,2004,303204
MT,Malta,2004,30834
MU,Mauritius,2004,772295
MX,Mexico,2004,9622923
MN,Mongolia,2004,26189
MA,Morocco,2004,1119547
NL,Netherlands,2004,37253652
NC,New Caledonia,2004,4381
NZ,New Zealand,2004,4666409
NI,Nicaragua,2004,657390
NE,Niger,2004,111070
NO,Norway,2004,702288
OM,Oman,2004,341234
PK,Pakistan,2004,4659221
PA,Panama,2004,628143
PY,Paraguay,2004,4848028
PE,Peru,2004,889165
PH,Philippines,2004,4817312
PL,Poland,2004,5368162
PT,Portugal,2004,2091940
QA,Qatar,2004,7152
KR,South Korea,2004,1300559
MD,Moldova,2004,987817
RO,Romania,2004,1319540
RU,Russia,2004,8510559
KN,St. Kitts and Nevis,2004,28670
LC,Saint Lucia,2004,53787
VC,Saint Vincent and the Grenadines,2004,61001
SA,Saudi Arabia,2004,1518530
SN,Senegal,2004,225251
RS,Serbia,2004,1253322
SG,Singapore,2004,1660367
SK,Slovakia,2004,1440351
SI,Slovenia,2004,476818
SB,Solomon Islands,2004,17626
ZA,South Africa,2004,4926491
ES,Spain,2004,19917180
LK,Sri Lanka,2004,14839324
SD,Sudan,2004,471000
SZ,Swaziland,2004,1174691
SE,Sweden,2004,2479204
CH,Switzerland,2004,1126934
SY,Syria,2004,2212814
TH,Thailand,2004,74196485
MK,Macedonia,2004,363719
TG,Togo,2004,187351
TO,Tonga,2004,17169
TT,Trinidad and Tobago,2004,288040
TN,Tunisia,2004,724715
TR,Turkey,2004,5919085
TV,Tuvalu,2004,0
UG,Uganda,2004,436603
UA,Ukraine,2004,12189774
GB,United Kingdom,2004,11729881
TZ,Tanzania,2004,751452
US,United States,2004,159310181
UY,Uruguay,2004,2083967
VE,Venezuela,2004,259666
YE,Yemen,2004,227086
ZM,Zambia,2004,486584
ZW,Zimbabwe,2004,636267
AL,Albania,2005,35812
DZ,Algeria,2005,84827
AG,Antigua and Barbuda,2005,571
AR,Argentina,2005,71918051
AM,Armenia,2005,52089
AW,Aruba,2005,49950
AU,Australia,2005,27308779
AT,Austria,2005,7116119
AZ,Azerbaijan,2005,503562
BS,Bahamas,2005,40713
BH,Bahrain,2005,58924
BD,Bangladesh,2005,394423
BB,Barbados,2005,95105
BY,Belarus,2005,1474345
BE,Belgium,2005,26038484
BZ,Belize,2005,290353
BJ,Benin,2005,338699
BO,Bolivia,2005,1682314
BA,Bosnia and Herzegovina,2005,212291
BR,Brazil,2005,72162932
BG,Bulgaria,2005,3219486
BI,Burundi,2005,33527
CV,Cape Verde,2005,6980
CM,Cameroon,2005,706604
CA,Canada,2005,39611615
CF,Central African Republic,2005,4568
CL,Chile,2005,3975377
HK,Hong Kong,2005,1656174
CN,China,2005,28755359
TW,Taiwan,2005,575673
CO,Colombia,2005,227324097
CG,Republic of the Congo,2005,65675
CR,Costa Rica,2005,4257099
CI,Ivory Coast,2005,2550050
HR,Croatia,2005,838066
CU,Cuba,2005,802755
CY,Cyprus,2005,220149
CZ,Czechia,2005,5634726
DK,Denmark,2005,6256114
DM,Dominica,2005,17737
EC,Ecuador,2005,5822781
EG,Egypt,2005,3286988
SV,El Salvador,2005,902312
EE,Estonia,2005,479988
ET,Ethiopia,2005,701448
FJ,Fiji,2005,569475
FI,Finland,2005,1063256
FR,France,2005,61659577
PF,French Polynesia,2005,17622
GA,Gabon,2005,35205
GE,Georgia,2005,491814
DE,Germany,2005,48426323
GH,Ghana,2005,911758
GR,Greece,2005,3666902
GD,Grenada,2005,13850
GT,Guatemala,2005,4419621
GY,Guyana,2005,498537
HN,Honduras,2005,1559164
HU,Hungary,2005,7426545
IS,Iceland,2005,57982
IN,India,2005,16670038
ID,Indonesia,2005,20454092
IR,Iran,2005,2110399
IE,Ireland,2005,3483174
IL,Israel,2005,902013
IT,Italy,2005,18928089
JM,Jamaica,2005,209284
JP,Japan,2005,9959225
JO,Jordan,2005,876725
KZ,Kazakhstan,2005,3828976
KE,Kenya,2005,800524258
KI,Kiribati,2005,6408
KG,Kyrgyzstan,2005,213113
LV,Latvia,2005,1009824
LB,Lebanon,2005,638035
LT,Lithuania,2005,2270568
LU,Luxembourg,2005,640199
MG,Madagascar,2005,72275
MY,Malaysia,2005,38189964
MV,Maldives,2005,14
ML,Mali,2005,328543
MT,Malta,2005,36186
MU,Mauritius,2005,722467
MX,Mexico,2005,10297271
MN,Mongolia,2005,26936
MA,Morocco,2005,1428999
NL,Netherlands,2005,39641085
NC,New Caledonia,2005,4586
NZ,New Zealand,2005,4624098
NI,Nicaragua,2005,816505
NE,Niger,2005,86624
NO,Norway,2005,740659
OM,Oman,2005,407236
PK,Pakistan,2005,5671122
PA,Panama,2005,739120
PY,Paraguay,2005,5565005
PE,Peru,2005,956826
PH,Philippines,2005,5255103
PL,Poland,2005,8080302
PT,Portugal,2005,2187433
QA,Qatar,2005,12113
KR,South Korea,2005,1312955
MD,Moldova,2005,1198939
RO,Romania,2005,2006528
RU,Russia,2005,15835575
RW,Rwanda,2005,40174
KN,St. Kitts and Nevis,2005,1582
LC,Saint Lucia,2005,45012
VC,Saint Vincent and the Grenadines,2005,60127
SA,Saudi Arabia,2005,1775751
SN,Senegal,2005,136748
SC,Seychelles,2005,498
SG,Singapore,2005,1903908
SK,Slovakia,2005,1976740
SI,Slovenia,2005,823169
SB,Solomon Islands,2005,13394
ZA,South Africa,2005,211119333
ES,Spain,2005,19157680
LK,Sri Lanka,2005,18702936
SD,Sudan,2005,447102
SZ,Swaziland,2005,460436
SE,Sweden,2005,2722495
CH,Switzerland,2005,1204362
TH,Thailand,2005,82419221
MK,Macedonia,2005,460397
TG,Togo,2005,183034
TO,Tonga,2005,14623
TT,Trinidad and Tobago,2005,287962
TN,Tunisia,2005,685921
TR,Turkey,2005,8059559
UG,Uganda,2005,492771
UA,Ukraine,2005,17385344
AE,United Arab Emirates,2005,3310209
GB,United Kingdom,2005,12265347
TZ,Tanzania,2005,699180
US,United States,2005,155546853
UY,Uruguay,2005,2531259
VE,Venezuela,2005,254410
YE,Yemen,2005,367957
ZM,Zambia,2005,462183
ZW,Zimbabwe,2005,489173
AL,Albania,2006,36997
DZ,Algeria,2006,99772
AR,Argentina,2006,69723857
AM,Armenia,2006,64727
AW,Aruba,2006,50875
AU,Australia,2006,30176945
AT,Austria,2006,7359884
AZ,Azerbaijan,2006,624623
BS,Bahamas,2006,32304
BH,Bahrain,2006,60794
BD,Bangladesh,2006,533312
BB,Barbados,2006,65846
BY,Belarus,2006,1287005
BE,Belgium,2006,26784886
BZ,Belize,2006,299590
BO,Bolivia,2006,1809056
BA,Bosnia and Herzegovina,2006,216058
BR,Brazil,2006,76295436
BG,Bulgaria,2006,3269431
BI,Burundi,2006,28799
CV,Cape Verde,2006,11678
CM,Cameroon,2006,653243
CA,Canada,2006,46800507
CL,Chile,2006,4251010
HK,Hong Kong,2006,1866971
MO,"Macao SAR, China",2006,7284
CN,China,2006,25017027
TW,Taiwan,2006,570413
CO,Colombia,2006,4365220
CG,Republic of the Congo,2006,31464
CR,Costa Rica,2006,5015203
CI,Ivory Coast,2006,2521711
HR,Croatia,2006,1352436
CY,Cyprus,2006,215305
CZ,Czechia,2006,5599880
DK,Denmark,2006,7044533
DM,Dominica,2006,17236
EC,Ecuador,2006,6253802
EG,Egypt,2006,3089366
SV,El Salvador,2006,876860
EE,Estonia,2006,552651
ET,Ethiopia,2006,644713
FJ,Fiji,2006,631086
FI,Finland,2006,1233342
FR,France,2006,61508372
PF,French Polynesia,2006,14351
GA,Gabon,2006,32793
GE,Georgia,2006,385676
DE,Germany,2006,47299225
GR,Greece,2006,3653629
GD,Grenada,2006,15795
GT,Guatemala,2006,4202841
GY,Guyana,2006,498104
HN,Honduras,2006,1519984
HU,Hungary,2006,8052015
IS,Iceland,2006,63364
IN,India,2006,19855107
ID,Indonesia,2006,23007506
IR,Iran,2006,3012883
IE,Ireland,2006,3652111
IL,Israel,2006,16244149
IT,Italy,2006,19677325
JP,Japan,2006,10650581
JO,Jordan,2006,854700
KZ,Kazakhstan,2006,6677398
KE,Kenya,2006,856648644
KG,Kyrgyzstan,2006,266104
LV,Latvia,2006,901682
LB,Lebanon,2006,596274
LT,Lithuania,2006,2202197
LU,Luxembourg,2006,638177
MG,Madagascar,2006,85362
MY,Malaysia,2006,39368805
MV,Maldives,2006,9
ML,Mali,2006,338052
MT,Malta,2006,43551
MU,Mauritius,2006,688218
MX,Mexico,2006,12732888
MN,Mongolia,2006,43649
ME,Montenegro,2006,43007
MA,Morocco,2006,1428859
NL,Netherlands,2006,39491642
NC,New Caledonia,2006,5216
NZ,New Zealand,2006,4835017
NI,Nicaragua,2006,624173
NE,Niger,2006,109097
NO,Norway,2006,681237
OM,Oman,2006,360662
PK,Pakistan,2006,5843567
PA,Panama,2006,924475
PY,Paraguay,2006,5951598
PE,Peru,2006,1294298
PH,Philippines,2006,5413866
PL,Poland,2006,8026908
PT,Portugal,2006,2518089
QA,Qatar,2006,8936
KR,South Korea,2006,1257293
MD,Moldova,2006,1020434
RO,Romania,2006,2806238
RU,Russia,2006,15758987
RW,Rwanda,2006,49452
KN,St. Kitts and Nevis,2006,3811
LC,Saint Lucia,2006,54920
VC,Saint Vincent and the Grenadines,2006,60596
SA,Saudi Arabia,2006,1876261
SN,Senegal,2006,370518
RS,Serbia,2006,2889800
SC,Seychelles,2006,791
SG,Singapore,2006,1993524
SK,Slovakia,2006,2885894
SI,Slovenia,2006,1676606
SB,Solomon Islands,2006,24194
ZA,South Africa,2006,167924041
ES,Spain,2006,20534353
SD,Sudan,2006,442205
SZ,Swaziland,2006,791957
SE,Sweden,2006,2759105
CH,Switzerland,2006,1467510
SY,Syria,2006,4753852
TH,Thailand,2006,85720545
MK,Macedonia,2006,539544
TO,Tonga,2006,11751
TT,Trinidad and Tobago,2006,270554
TR,Turkey,2006,8466203
UG,Uganda,2006,486352
UA,Ukraine,2006,17541596
GB,United Kingdom,2006,11691700
TZ,Tanzania,2006,637614
US,United States,2006,167773565
UY,Uruguay,2006,2687418
VU,Vanuatu,2006,19082
VE,Venezuela,2006,283550
YE,Yemen,2006,350139
ZM,Zambia,2006,370696
ZW,Zimbabwe,2006,453371
AL,Albania,2007,46462
DZ,Algeria,2007,109069
AR,Argentina,2007,82147153
AM,Armenia,2007,77308
AW,Aruba,2007,16333
AU,Australia,2007,67931759
AT,Austria,2007,7042658
AZ,Azerbaijan,2007,918355
BS,Bahamas,2007,84863
BH,Bahrain,2007,69051
BD,Bangladesh,2007,778367
BB,Barbados,2007,74639
BY,Belarus,2007,1195310
BE,Belgium,2007,26691209
BZ,Belize,2007,260871
BJ,Benin,2007,287166
BO,Bolivia,2007,1772677
BA,Bosnia and Herzegovina,2007,266149
BW,Botswana,2007,83209
BR,Brazil,2007,83843879
BG,Bulgaria,2007,1868904
CV,Cape Verde,2007,243
CM,Cameroon,2007,607035
CA,Canada,2007,47703019
CF,Central African Republic,2007,7405
CL,Chile,2007,23208990
HK,Hong Kong,2007,2156349
MO,"Macao SAR, China",2007,6339
CN,China,2007,31942233
CO,Colombia,2007,4450874
CG,Republic of the Congo,2007,30875
CR,Costa Rica,2007,5248436
CI,Ivory Coast,2007,2461087
HR,Croatia,2007,1375383
CU,Cuba,2007,820847
CY,Cyprus,2007,237903
CZ,Czechia,2007,5751964
DK,Denmark,2007,6904455
DM,Dominica,2007,13424
EC,Ecuador,2007,6404249
EG,Egypt,2007,3590341
SV,El Salvador,2007,958355
EE,Estonia,2007,607345
ET,Ethiopia,2007,695144
FJ,Fiji,2007,601472
FI,Finland,2007,1470682
FR,France,2007,57212407
PF,French Polynesia,2007,12064
GM,Gambia,2007,13801
GE,Georgia,2007,378096
DE,Germany,2007,45316258
GH,Ghana,2007,819546
GR,Greece,2007,3050834
GT,Guatemala,2007,5242614
GY,Guyana,2007,484562
HN,Honduras,2007,1595328
HU,Hungary,2007,10856629
IS,Iceland,2007,34733
IN,India,2007,28473839
ID,Indonesia,2007,20931184
IR,Iran,2007,3803262
IE,Ireland,2007,3674140
IL,Israel,2007,44184349
IT,Italy,2007,21155298
JM,Jamaica,2007,275887
JP,Japan,2007,8566500
JO,Jordan,2007,1080819
KZ,Kazakhstan,2007,9231401
KE,Kenya,2007,877487044
KG,Kyrgyzstan,2007,352593
LV,Latvia,2007,1082569
LB,Lebanon,2007,735754
LT,Lithuania,2007,2340896
LU,Luxembourg,2007,702112
MG,Madagascar,2007,106836
MW,Malawi,2007,915204
MY,Malaysia,2007,32869659
MV,Maldives,2007,8
ML,Mali,2007,224056
MT,Malta,2007,43331
MR,Mauritania,2007,10305
MU,Mauritius,2007,570152
MX,Mexico,2007,12318818
MN,Mongolia,2007,44259
ME,Montenegro,2007,41434
MA,Morocco,2007,1598746
NL,Netherlands,2007,39657905
NC,New Caledonia,2007,3742
NZ,New Zealand,2007,4984802
NI,Nicaragua,2007,943918
NE,Niger,2007,106846
NO,Norway,2007,663337
OM,Oman,2007,361328
PK,Pakistan,2007,5488464
PA,Panama,2007,1023414
PY,Paraguay,2007,7746926
PE,Peru,2007,1272195
PH,Philippines,2007,5111093
PL,Poland,2007,8091265
PT,Portugal,2007,2873249
QA,Qatar,2007,6751
KR,South Korea,2007,1338040
MD,Moldova,2007,730112
RO,Romania,2007,2060839
RU,Russia,2007,21742189
RW,Rwanda,2007,47631
KN,St. Kitts and Nevis,2007,3838
LC,Saint Lucia,2007,56210
VC,Saint Vincent and the Grenadines,2007,62495
SA,Saudi Arabia,2007,2353127
SN,Senegal,2007,342188
RS,Serbia,2007,2640530
SC,Seychelles,2007,1198
SG,Singapore,2007,2193544
SK,Slovakia,2007,2137611
SI,Slovenia,2007,1777882
SB,Solomon Islands,2007,45987
ZA,South Africa,2007,170293690
ES,Spain,2007,21913735
SZ,Swaziland,2007,1030958
SE,Sweden,2007,2686152
CH,Switzerland,2007,1531058
SY,Syria,2007,4205186
TH,Thailand,2007,108949637
TG,Togo,2007,98261
TO,Tonga,2007,6531
TT,Trinidad and Tobago,2007,266427
TN,Tunisia,2007,791765
TR,Turkey,2007,7355199
UG,Uganda,2007,747869
UA,Ukraine,2007,12325293
AE,United Arab Emirates,2007,3512666
GB,United Kingdom,2007,11386507
TZ,Tanzania,2007,969024
US,United States,2007,184294551
UY,Uruguay,2007,3025416
VU,Vanuatu,2007,15632
VE,Venezuela,2007,182446
YE,Yemen,2007,409509
ZM,Zambia,2007,630035
AL,Albania,2008,30421
DZ,Algeria,2008,126273
AR,Argentina,2008,78533329
AM,Armenia,2008,83191
AW,Aruba,2008,11329
AU,Australia,2008,20296235
AT,Austria,2008,7420775
AZ,Azerbaijan,2008,877068
BS,Bahamas,2008,62877
BB,Barbados,2008,67736
BY,Belarus,2008,1270923
BE,Belgium,2008,27359189
BZ,Belize,2008,242286
BJ,Benin,2008,287337
BO,Bolivia,2008,1683651
BA,Bosnia and Herzegovina,2008,305138
BW,Botswana,2008,72514
BR,Brazil,2008,80359375
BG,Bulgaria,2008,4069177
BI,Burundi,2008,33292
CV,Cape Verde,2008,1150
CM,Cameroon,2008,644908
CA,Canada,2008,47820988
CF,Central African Republic,2008,3279
CL,Chile,2008,4623418
HK,Hong Kong,2008,2709359
MO,"Macao SAR, China",2008,7705
CN,China,2008,25216633
CO,Colombia,2008,3951521
CG,Republic of the Congo,2008,38601
CR,Costa Rica,2008,5109153
CI,Ivory Coast,2008,2502249
HR,Croatia,2008,1271330
CY,Cyprus,2008,220502
CZ,Czechia,2008,5786360
DK,Denmark,2008,6849038
DM,Dominica,2008,15816
EC,Ecuador,2008,6463789
SV,El Salvador,2008,1011059
EE,Estonia,2008,730091
ET,Ethiopia,2008,873513
FJ,Fiji,2008,733304
FI,Finland,2008,1369785
FR,France,2008,59666721
PF,French Polynesia,2008,10699
GM,Gambia,2008,12950
GE,Georgia,2008,247276
DE,Germany,2008,48143162
GH,Ghana,2008,666268
GR,Greece,2008,3312723
GT,Guatemala,2008,5133423
GN,Guinea,2008,62209
GY,Guyana,2008,440912
HN,Honduras,2008,1755135
HU,Hungary,2008,10521110
IS,Iceland,2008,82755
IN,India,2008,23454635
ID,Indonesia,2008,26839885
IR,Iran,2008,3348381
IE,Ireland,2008,3508551
IL,Israel,2008,1253418
IT,Italy,2008,21283989
JM,Jamaica,2008,247169
JP,Japan,2008,11826847
JO,Jordan,2008,1174728
KZ,Kazakhstan,2008,8399085
KE,Kenya,2008,1092047
KG,Kyrgyzstan,2008,609371
LV,Latvia,2008,1966811
LB,Lebanon,2008,809448
LT,Lithuania,2008,3457538
LU,Luxembourg,2008,678889
MG,Madagascar,2008,101297
MW,Malawi,2008,376615
MY,Malaysia,2008,42285754
MV,Maldives,2008,16
ML,Mali,2008,178928
MT,Malta,2008,78342
MR,Mauritania,2008,14856
MU,Mauritius,2008,565852
MX,Mexico,2008,14961101
ME,Montenegro,2008,37654
MA,Morocco,2008,1753892
NL,Netherlands,2008,43919224
NZ,New Zealand,2008,4461366
NI,Nicaragua,2008,785044
NE,Niger,2008,126850
NO,Norway,2008,658785
OM,Oman,2008,544500
PK,Pakistan,2008,5315786
PA,Panama,2008,946483
PY,Paraguay,2008,7972894
PE,Peru,2008,1540265
PH,Philippines,2008,5046293
PL,Poland,2008,8516072
PT,Portugal,2008,2934421
QA,Qatar,2008,13459
KR,South Korea,2008,1450954
MD,Moldova,2008,826535
RO,Romania,2008,5167457
RU,Russia,2008,18242246
RW,Rwanda,2008,114746
LC,Saint Lucia,2008,68602
VC,Saint Vincent and the Grenadines,2008,52673
SA,Saudi Arabia,2008,75211
SN,Senegal,2008,146916
RS,Serbia,2008,2436797
SG,Singapore,2008,2224671
SK,Slovakia,2008,2123039
SI,Slovenia,2008,1850412
ZA,South Africa,2008,217922943
ES,Spain,2008,21968815
LK,Sri Lanka,2008,28892825
SD,Sudan,2008,405362
SE,Sweden,2008,2869302
CH,Switzerland,2008,1759217
SY,Syria,2008,3147193
TH,Thailand,2008,29573507
MK,Macedonia,2008,577808
TG,Togo,2008,235704
TN,Tunisia,2008,766791
TR,Turkey,2008,7244539
UG,Uganda,2008,769426
UA,Ukraine,2008,24796574
AE,United Arab Emirates,2008,3744021
GB,United Kingdom,2008,12407505
TZ,Tanzania,2008,884632
US,United States,2008,187178019
UY,Uruguay,2008,3127754
VU,Vanuatu,2008,26096
VE,Venezuela,2008,92429
YE,Yemen,2008,413162
ZM,Zambia,2008,488511
AF,Afghanistan,2009,197513
AL,Albania,2009,31390
DZ,Algeria,2009,143604
AR,Argentina,2009,58572480
AM,Armenia,2009,59574
AW,Aruba,2009,25303
AU,Australia,2009,27882095
AT,Austria,2009,7765802
AZ,Azerbaijan,2009,801859
BS,Bahamas,2009,5381
BH,Bahrain,2009,116180
BB,Barbados,2009,48992
BY,Belarus,2009,1804687
BE,Belgium,2009,25860627
BJ,Benin,2009,417714
BO,Bolivia,2009,2133047
BA,Bosnia and Herzegovina,2009,340154
BW,Botswana,2009,97762
BR,Brazil,2009,89517804
BG,Bulgaria,2009,5300515
BF,Burkina Faso,2009,327762
BI,Burundi,2009,57887
CV,Cape Verde,2009,5926
CM,Cameroon,2009,670088
CA,Canada,2009,51012648
CF,Central African Republic,2009,4230
CL,Chile,2009,11415944
HK,Hong Kong,2009,2963308
MO,"Macao SAR, China",2009,6920
CN,China,2009,25052063
TW,Taiwan,2009,613027
CO,Colombia,2009,4576478
CG,Republic of the Congo,2009,57505
CR,Costa Rica,2009,4737782
CI,Ivory Coast,2009,2826479
HR,Croatia,2009,1639208
CY,Cyprus,2009,185869
CZ,Czechia,2009,7182924
DK,Denmark,2009,8105738
EC,Ecuador,2009,6840593
EG,Egypt,2009,3966865
SV,El Salvador,2009,941141
EE,Estonia,2009,636550
ET,Ethiopia,2009,1058033
FO,Faroe Islands,2009,51384
FJ,Fiji,2009,477787
FI,Finland,2009,1145826
FR,France,2009,58252282
PF,French Polynesia,2009,10612
GM,Gambia,2009,26222
GE,Georgia,2009,261011
DE,Germany,2009,50920503
GH,Ghana,2009,590373
GR,Greece,2009,3790231
GT,Guatemala,2009,5581273
HN,Honduras,2009,1629401
HU,Hungary,2009,10962014
IS,Iceland,2009,72161
IN,India,2009,17196826
ID,Indonesia,2009,28783555
IE,Ireland,2009,3421091
IL,Israel,2009,1326266
IT,Italy,2009,20587150
JM,Jamaica,2009,253158
JP,Japan,2009,10099677
JO,Jordan,2009,1266973
KZ,Kazakhstan,2009,6618296
KE,Kenya,2009,785831430
KW,Kuwait,2009,168219
LV,Latvia,2009,2248743
LB,Lebanon,2009,746023
LT,Lithuania,2009,3534915
LU,Luxembourg,2009,552814
MG,Madagascar,2009,113707
MW,Malawi,2009,515538
MY,Malaysia,2009,23147747
MT,Malta,2009,34000
MU,Mauritius,2009,558074
MX,Mexico,2009,14189385
ME,Montenegro,2009,42949
MA,Morocco,2009,1636697
NP,Nepal,2009,326501
NL,Netherlands,2009,45757463
NC,New Caledonia,2009,3210
NZ,New Zealand,2009,5220643
NI,Nicaragua,2009,972331
NO,Norway,2009,572581
OM,Oman,2009,563322
PK,Pakistan,2009,5403890
PA,Panama,2009,538224
PY,Paraguay,2009,6975011
PE,Peru,2009,1553111
PH,Philippines,2009,4540797
PL,Poland,2009,11732088
PT,Portugal,2009,2816667
QA,Qatar,2009,15589
KR,South Korea,2009,1631292
MD,Moldova,2009,1353988
RO,Romania,2009,6909900
RU,Russia,2009,27800115
RW,Rwanda,2009,62021
VC,Saint Vincent and the Grenadines,2009,51856
ST,S?o Tom? and Principe,2009,3360
SA,Saudi Arabia,2009,1240985
SN,Senegal,2009,249599
RS,Serbia,2009,3718626
SG,Singapore,2009,2006306
SK,Slovakia,2009,2721630
SI,Slovenia,2009,2172364
ZA,South Africa,2009,383412800
ES,Spain,2009,21895785
LK,Sri Lanka,2009,30268644
SD,Sudan,2009,250390
SE,Sweden,2009,2812295
CH,Switzerland,2009,1751208
SY,Syria,2009,3402739
TH,Thailand,2009,92965337
MK,Macedonia,2009,425894
TG,Togo,2009,133310
TT,Trinidad and Tobago,2009,197432
TN,Tunisia,2009,697301
TR,Turkey,2009,9551779
UG,Uganda,2009,736028
UA,Ukraine,2009,36908778
GB,United Kingdom,2009,12239544
TZ,Tanzania,2009,901980
US,United States,2009,174100185
UY,Uruguay,2009,4368447
VU,Vanuatu,2009,24216
VE,Venezuela,2009,64027
YE,Yemen,2009,449907
ZM,Zambia,2009,420481
ZW,Zimbabwe,2009,466596
AF,Afghanistan,2010,186615
AL,Albania,2010,52573
AR,Argentina,2010,78897893
AM,Armenia,2010,71171
AW,Aruba,2010,12363
AU,Australia,2010,29766433
AT,Austria,2010,7789161
AZ,Azerbaijan,2010,728124
BH,Bahrain,2010,131323
BB,Barbados,2010,41120
BY,Belarus,2010,2004326
BE,Belgium,2010,27133740
BZ,Belize,2010,244886
BJ,Benin,2010,840616
BT,Bhutan,2010,64358
BO,Bolivia,2010,1900514
BA,Bosnia and Herzegovina,2010,439801
BW,Botswana,2010,120111
BR,Brazil,2010,95566183
BG,Bulgaria,2010,5968402
BF,Burkina Faso,2010,359681
BI,Burundi,2010,38921
CV,Cape Verde,2010,393
KH,Cambodia,2010,155408
CM,Cameroon,2010,667026
CA,Canada,2010,52923374
CF,Central African Republic,2010,6299
CL,Chile,2010,20711012
HK,Hong Kong,2010,3380217
MO,"Macao SAR, China",2010,1181
CN,China,2010,25010107
TW,Taiwan,2010,721684
CO,Colombia,2010,3791996
CG,Republic of the Congo,2010,57444
CR,Costa Rica,2010,5171840
CI,Ivory Coast,2010,2889661
HR,Croatia,2010,1464224
CY,Cyprus,2010,182482
CZ,Czechia,2010,6573931
DK,Denmark,2010,8717580
EC,Ecuador,2010,6251542
SV,El Salvador,2010,1131736
EE,Estonia,2010,768477
ET,Ethiopia,2010,993569
FJ,Fiji,2010,446005
FI,Finland,2010,1460867
FR,France,2010,67825378
PF,French Polynesia,2010,11899
GM,Gambia,2010,21407
GE,Georgia,2010,296997
DE,Germany,2010,54825982
GH,Ghana,2010,465789
GR,Greece,2010,4002024
GT,Guatemala,2010,5482682
GY,Guyana,2010,395177
HU,Hungary,2010,11978886
IS,Iceland,2010,58199
IN,India,2010,20496380
ID,Indonesia,2010,28391412
IR,Iran,2010,4182846
IE,Ireland,2010,3603891
IL,Israel,2010,1171571
IT,Italy,2010,25507105
JM,Jamaica,2010,231085
JP,Japan,2010,11250467
JO,Jordan,2010,1159586
KE,Kenya,2010,2229137
KG,Kyrgyzstan,2010,482313
LV,Latvia,2010,2288948
LB,Lebanon,2010,834552
LT,Lithuania,2010,3455667
LU,Luxembourg,2010,775091
MG,Madagascar,2010,106723
MW,Malawi,2010,429256
MY,Malaysia,2010,24189899
MV,Maldives,2010,2
MT,Malta,2010,37377
MR,Mauritania,2010,29053
MU,Mauritius,2010,659983
MX,Mexico,2010,14570186
ME,Montenegro,2010,43016
MA,Morocco,2010,1822387
NP,Nepal,2010,213504
NL,Netherlands,2010,47508143
NC,New Caledonia,2010,3326
NZ,New Zealand,2010,10796783
NI,Nicaragua,2010,1136886
NE,Niger,2010,237335
NO,Norway,2010,592806
OM,Oman,2010,607651
PK,Pakistan,2010,6689831
PY,Paraguay,2010,9230470
PE,Peru,2010,1815383
PH,Philippines,2010,4861819
PL,Poland,2010,11310422
PT,Portugal,2010,3028752
KR,South Korea,2010,1899205
MD,Moldova,2010,1173631
RO,Romania,2010,8401058
RU,Russia,2010,17866630
RW,Rwanda,2010,105581
VC,Saint Vincent and the Grenadines,2010,45414
SA,Saudi Arabia,2010,3444348
SN,Senegal,2010,269925
RS,Serbia,2010,4587607
SG,Singapore,2010,2256971
SK,Slovakia,2010,2860995
SI,Slovenia,2010,2601232
ZA,South Africa,2010,158468838
ES,Spain,2010,23982449
LK,Sri Lanka,2010,1083446
SR,Suriname,2010,92423
SE,Sweden,2010,3051294
CH,Switzerland,2010,1549921
SY,Syria,2010,3355254
TH,Thailand,2010,86757680
MK,Macedonia,2010,636447
TG,Togo,2010,226662
TO,Tonga,2010,2390
TT,Trinidad and Tobago,2010,175026
TN,Tunisia,2010,721934
TR,Turkey,2010,10852313
UG,Uganda,2010,949180
UA,Ukraine,2010,20499143
GB,United Kingdom,2010,14102856
TZ,Tanzania,2010,1117062
US,United States,2010,194277558
UY,Uruguay,2010,5546446
VU,Vanuatu,2010,23585
VE,Venezuela,2010,41436
ZM,Zambia,2010,672305
ZW,Zimbabwe,2010,453940
AF,Afghanistan,2011,115325
AL,Albania,2011,66337
DZ,Algeria,2011,446403
AG,Antigua and Barbuda,2011,595
AR,Argentina,2011,83672625
AM,Armenia,2011,86052
AW,Aruba,2011,9527
AU,Australia,2011,33546538
AT,Austria,2011,8032698
AZ,Azerbaijan,2011,739200
BH,Bahrain,2011,151500
BB,Barbados,2011,54123
BY,Belarus,2011,2024796
BE,Belgium,2011,28127700
BZ,Belize,2011,263196
BO,Bolivia,2011,1740470
BA,Bosnia and Herzegovina,2011,415650
BW,Botswana,2011,81778
BR,Brazil,2011,101408686
BG,Bulgaria,2011,6452124
BF,Burkina Faso,2011,415500
CV,Cape Verde,2011,3890
KH,Cambodia,2011,309090
CM,Cameroon,2011,637706
CA,Canada,2011,52242233
CF,Central African Republic,2011,4135
CL,Chile,2011,20458006
HK,Hong Kong,2011,3461380
MO,"Macao SAR, China",2011,1796
CN,China,2011,27486931
TW,Taiwan,2011,781982
CO,Colombia,2011,4032400
CR,Costa Rica,2011,5326983
CI,Ivory Coast,2011,3057289
HR,Croatia,2011,1309364
CY,Cyprus,2011,238536
CZ,Czechia,2011,6587771
DK,Denmark,2011,8548531
EC,Ecuador,2011,7176441
EG,Egypt,2011,4817347
SV,El Salvador,2011,1193343
EE,Estonia,2011,877110
ET,Ethiopia,2011,978277
FJ,Fiji,2011,403593
FI,Finland,2011,1791776
FR,France,2011,66983153
PF,French Polynesia,2011,12109
GM,Gambia,2011,43728
GE,Georgia,2011,264899
DE,Germany,2011,52387787
GR,Greece,2011,3669619
GT,Guatemala,2011,5360017
GY,Guyana,2011,473878
HU,Hungary,2011,10996465
IS,Iceland,2011,58942
IN,India,2011,29555875
ID,Indonesia,2011,30771341
IR,Iran,2011,3221534
IE,Ireland,2011,4041154
IL,Israel,2011,1694469
IT,Italy,2011,23479502
JP,Japan,2011,8117922
JO,Jordan,2011,1296820
KZ,Kazakhstan,2011,6100657
KI,Kiribati,2011,6605
KG,Kyrgyzstan,2011,507648
LV,Latvia,2011,1730030
LB,Lebanon,2011,747527
LT,Lithuania,2011,3462602
LU,Luxembourg,2011,775892
MG,Madagascar,2011,127606
MW,Malawi,2011,1043136
MY,Malaysia,2011,40866993
MT,Malta,2011,42600
MR,Mauritania,2011,8982
MU,Mauritius,2011,581137
MX,Mexico,2011,15974062
ME,Montenegro,2011,41266
NP,Nepal,2011,211003
NL,Netherlands,2011,47461150
NC,New Caledonia,2011,3444
NZ,New Zealand,2011,4211848
NI,Nicaragua,2011,1138754
NE,Niger,2011,129968
NO,Norway,2011,518176
OM,Oman,2011,605159
PK,Pakistan,2011,9554471
PA,Panama,2011,492004
PY,Paraguay,2011,9347701
PE,Peru,2011,2048521
PH,Philippines,2011,5429283
PL,Poland,2011,10844395
PT,Portugal,2011,3282100
KR,South Korea,2011,2231480
MD,Moldova,2011,1308553
RO,Romania,2011,8201217
RU,Russia,2011,24161349
RW,Rwanda,2011,98099
SA,Saudi Arabia,2011,3490800
SN,Senegal,2011,370328
RS,Serbia,2011,4469451
SG,Singapore,2011,2253165
SK,Slovakia,2011,3067500
SI,Slovenia,2011,2390735
SB,Solomon Islands,2011,57950
ZA,South Africa,2011,73496443
ES,Spain,2011,26434699
LK,Sri Lanka,2011,20733922
SR,Suriname,2011,85326
SE,Sweden,2011,3032969
CH,Switzerland,2011,1744195
TH,Thailand,2011,94917514
MK,Macedonia,2011,639043
TG,Togo,2011,279242
TN,Tunisia,2011,1066315
TR,Turkey,2011,10287509
UG,Uganda,2011,901744
UA,Ukraine,2011,25852991
GB,United Kingdom,2011,13307962
TZ,Tanzania,2011,1099934
US,United States,2011,183782476
UY,Uruguay,2011,4858451
VU,Vanuatu,2011,26184
VE,Venezuela,2011,31194
YE,Yemen,2011,632735
ZM,Zambia,2011,1095073
ZW,Zimbabwe,2011,464587
AL,Albania,2012,94148
DZ,Algeria,2012,416797
AG,Antigua and Barbuda,2012,4187
AR,Argentina,2012,81056723
AM,Armenia,2012,119975
AU,Australia,2012,42596289
AT,Austria,2012,8413371
AZ,Azerbaijan,2012,765422
BS,Bahamas,2012,1891
BH,Bahrain,2012,174393
BB,Barbados,2012,52494
BY,Belarus,2012,2643813
BE,Belgium,2012,29305715
BZ,Belize,2012,310655
BJ,Benin,2012,329837
BT,Bhutan,2012,95910
BO,Bolivia,2012,2274861
BA,Bosnia and Herzegovina,2012,406188
BW,Botswana,2012,71392
BR,Brazil,2012,109743809
BG,Bulgaria,2012,6314722
BF,Burkina Faso,2012,520258
BI,Burundi,2012,43070
CV,Cape Verde,2012,5719
KH,Cambodia,2012,358894
CM,Cameroon,2012,655151
CA,Canada,2012,54356811
CF,Central African Republic,2012,4649
CL,Chile,2012,117708202
HK,Hong Kong,2012,3148554
MO,"Macao SAR, China",2012,4098
CN,China,2012,27115687
TW,Taiwan,2012,819321
CO,Colombia,2012,3829075
CG,Republic of the Congo,2012,24199
CR,Costa Rica,2012,5376840
CI,Ivory Coast,2012,3463831
HR,Croatia,2012,1585235
CY,Cyprus,2012,192571
CZ,Czechia,2012,7886557
DK,Denmark,2012,8032002
DM,Dominica,2012,3238
EC,Ecuador,2012,6508510
SV,El Salvador,2012,1248392
EE,Estonia,2012,1065732
ET,Ethiopia,2012,1032801
FJ,Fiji,2012,428819
FI,Finland,2012,1485751
FR,France,2012,62157423
PF,French Polynesia,2012,10203
GM,Gambia,2012,51100
GE,Georgia,2012,456434
DE,Germany,2012,53961606
GH,Ghana,2012,1128137
GR,Greece,2012,4208037
GT,Guatemala,2012,6281555
GY,Guyana,2012,460424
HN,Honduras,2012,2041929
HU,Hungary,2012,12367045
IS,Iceland,2012,29720
IN,India,2012,38930962
ID,Indonesia,2012,33782959
IE,Ireland,2012,3784306
IL,Israel,2012,1195262
IT,Italy,2012,27050563
JM,Jamaica,2012,228649
JP,Japan,2012,9211161
JO,Jordan,2012,1291086
KZ,Kazakhstan,2012,10948143
KI,Kiribati,2012,1553
KG,Kyrgyzstan,2012,427558
LV,Latvia,2012,3112115
LB,Lebanon,2012,766445
LT,Lithuania,2012,4902428
LU,Luxembourg,2012,768708
MG,Madagascar,2012,122748
MY,Malaysia,2012,28923594
ML,Mali,2012,225288
MT,Malta,2012,84065
MR,Mauritania,2012,5613
MU,Mauritius,2012,586509
MX,Mexico,2012,16978436
ME,Montenegro,2012,43472
MA,Morocco,2012,1873614
NA,Namibia,2012,311199
NP,Nepal,2012,260717
NL,Netherlands,2012,49139081
NC,New Caledonia,2012,4145
NZ,New Zealand,2012,5892634
NI,Nicaragua,2012,1196548
NE,Niger,2012,197402
NO,Norway,2012,557060
OM,Oman,2012,579187
PK,Pakistan,2012,7564115
PA,Panama,2012,509045
PY,Paraguay,2012,8596078
PE,Peru,2012,2038551
PH,Philippines,2012,5669816
PL,Poland,2012,14195246
PT,Portugal,2012,3632320
KR,South Korea,2012,2268086
MD,Moldova,2012,985880
RO,Romania,2012,7682361
RU,Russia,2012,31784960
RW,Rwanda,2012,155733
ST,S?o Tom? and Principe,2012,2717
SA,Saudi Arabia,2012,3264352
SN,Senegal,2012,296710
RS,Serbia,2012,4563548
SG,Singapore,2012,2209067
SK,Slovakia,2012,4128532
SI,Slovenia,2012,2749619
SB,Solomon Islands,2012,89122
ZA,South Africa,2012,27614506
ES,Spain,2012,28179507
LK,Sri Lanka,2012,963687
SE,Sweden,2012,3347380
CH,Switzerland,2012,1890740
TH,Thailand,2012,99840290
MK,Macedonia,2012,622725
TG,Togo,2012,223202
TO,Tonga,2012,6272
TN,Tunisia,2012,826288
TR,Turkey,2012,10835384
UG,Uganda,2012,869501
UA,Ukraine,2012,41814559
GB,United Kingdom,2012,13107017
TZ,Tanzania,2012,1862582
US,United States,2012,170375523
UY,Uruguay,2012,6751645
VE,Venezuela,2012,20172
YE,Yemen,2012,556609
ZM,Zambia,2012,1475182
ZW,Zimbabwe,2012,599441
AL,Albania,2013,105114
DZ,Algeria,2013,553162
AG,Antigua and Barbuda,2013,662
AR,Argentina,2013,74113062
AM,Armenia,2013,146472
AU,Australia,2013,38573129
AT,Austria,2013,8253595
AZ,Azerbaijan,2013,721904
BS,Bahamas,2013,1401
BH,Bahrain,2013,308600
BB,Barbados,2013,53567
BY,Belarus,2013,3293370
BE,Belgium,2013,29167795
BZ,Belize,2013,347732
BJ,Benin,2013,476018
BM,Bermuda,2013,2481
BO,Bolivia,2013,2924730
BA,Bosnia and Herzegovina,2013,468036
BW,Botswana,2013,73753
BR,Brazil,2013,127513367
BN,Brunei,2013,9977
BG,Bulgaria,2013,9691745
BF,Burkina Faso,2013,745960
BI,Burundi,2013,34643
CV,Cape Verde,2013,503
KH,Cambodia,2013,716105
CA,Canada,2013,56590042
CF,Central African Republic,2013,2077
CL,Chile,2013,5317829
HK,Hong Kong,2013,3111366
CN,China,2013,28171481
TW,Taiwan,2013,880584
CO,Colombia,2013,3706406
CG,Republic of the Congo,2013,20408
CR,Costa Rica,2013,5704515
CI,Ivory Coast,2013,2882651
HR,Croatia,2013,1515203
CY,Cyprus,2013,224068
CZ,Czechia,2013,7586134
DK,Denmark,2013,7977875
EC,Ecuador,2013,6786268
EG,Egypt,2013,4583174
SV,El Salvador,2013,1342668
EE,Estonia,2013,1205097
ET,Ethiopia,2013,1362515
FJ,Fiji,2013,436898
FI,Finland,2013,1409245
FR,France,2013,65866505
PF,French Polynesia,2013,8909
GM,Gambia,2013,24857
GE,Georgia,2013,560657
DE,Germany,2013,57302208
GH,Ghana,2013,1349902
GR,Greece,2013,4048800
GL,Greenland,2013,25
GT,Guatemala,2013,6959837
GY,Guyana,2013,448333
HU,Hungary,2013,11467874
IS,Iceland,2013,76962
IN,India,2013,43656663
ID,Indonesia,2013,36320028
IE,Ireland,2013,3722791
IL,Israel,2013,30549505
IT,Italy,2013,26976694
JM,Jamaica,2013,170523
JP,Japan,2013,9403520
JO,Jordan,2013,1446634
KZ,Kazakhstan,2013,8200849
KE,Kenya,2013,1191461
KW,Kuwait,2013,527927
LV,Latvia,2013,2799858
LB,Lebanon,2013,942971
LT,Lithuania,2013,5480206
LU,Luxembourg,2013,772219
MG,Madagascar,2013,202000
MW,Malawi,2013,568030
MY,Malaysia,2013,49021767
MV,Maldives,2013,0
MT,Malta,2013,47606
MR,Mauritania,2013,4547
MU,Mauritius,2013,571918
MX,Mexico,2013,19189247
ME,Montenegro,2013,41050
MS,Montserrat,2013,0
MA,Morocco,2013,2740585
NA,Namibia,2013,314832
NP,Nepal,2013,211311
NL,Netherlands,2013,49538007
NC,New Caledonia,2013,3809
NZ,New Zealand,2013,6009226
NI,Nicaragua,2013,1293178
NE,Niger,2013,189638
NO,Norway,2013,563767
OM,Oman,2013,713652
PK,Pakistan,2013,8732677
PA,Panama,2013,551477
PY,Paraguay,2013,11560712
PE,Peru,2013,2196967
PH,Philippines,2013,7476038
PL,Poland,2013,16843292
PT,Portugal,2013,3621641
KR,South Korea,2013,2486175
MD,Moldova,2013,1601730
RO,Romania,2013,12948272
RU,Russia,2013,27733210
RW,Rwanda,2013,228542
ST,S?o Tom? and Principe,2013,3324
SA,Saudi Arabia,2013,2935333
SN,Senegal,2013,389082
RS,Serbia,2013,4239775
SG,Singapore,2013,2490162
SK,Slovakia,2013,3936416
SI,Slovenia,2013,2277425
SB,Solomon Islands,2013,45196
ZA,South Africa,2013,23265174
ES,Spain,2013,27865514
LK,Sri Lanka,2013,22592193
SE,Sweden,2013,3198900
CH,Switzerland,2013,1939343
TH,Thailand,2013,33645049
MK,Macedonia,2013,604477
TG,Togo,2013,245145
TO,Tonga,2013,8613
TN,Tunisia,2013,796091
TR,Turkey,2013,12455622
UG,Uganda,2013,1062658
UA,Ukraine,2013,41399231
GB,United Kingdom,2013,12210915
TZ,Tanzania,2013,1570408
US,United States,2013,169546973
UY,Uruguay,2013,6878369
VE,Venezuela,2013,38712
YE,Yemen,2013,515499
ZM,Zambia,2013,958730
ZW,Zimbabwe,2013,544335
